{"total":25,"failedInThemes":[{"name":"bb","invalidValues":[]},{"name":"mb","invalidValues":[{"path":"bottomSheet.color.font","leaf":{"value":"{text.body.primary.onLight}","type":"color","failedToResolve":true},"reason":"Color values should solid or gradient"},{"path":"cards.color.actionCard.text.body","leaf":{"value":"{text.body.primary.onLight}","type":"color","failedToResolve":true},"reason":"Color values should solid or gradient"},{"path":"cards.color.productCard.body","leaf":{"value":"{text.body.primary.onLight}","type":"color","failedToResolve":true},"reason":"Color values should solid or gradient"},{"path":"cards.color.tiles.text.body","leaf":{"value":"{text.body.primary.onLight}","type":"color","failedToResolve":true},"reason":"Color values should solid or gradient"},{"path":"rows.color.text.description.default","leaf":{"value":"{text.body.primary.onLight}","type":"color","failedToResolve":true},"reason":"Color values should solid or gradient"},{"path":"acknowledgement.color.text.body","leaf":{"value":"{text.body.primary.onLight}","type":"color","failedToResolve":true},"reason":"Color values should solid or gradient"},{"path":"acknowledgement.color.text.footnote","leaf":{"value":"{text.body.secondary.onLight}","type":"color","failedToResolve":true},"reason":"Color values should solid or gradient"},{"path":"cvp.color.text.description","leaf":{"value":"{text.body.primary.onLight}","type":"color","failedToResolve":true},"reason":"Color values should solid or gradient"},{"path":"authentication.color.text.description","leaf":{"value":"{text.body.primary.onLight}","type":"color","failedToResolve":true},"reason":"Color values should solid or gradient"},{"path":"stepper.color.text.description","leaf":{"value":"{text.body.primary.onLight}","type":"color","failedToResolve":true},"reason":"Color values should solid or gradient"}]},{"name":"frLight","invalidValues":[{"path":"control.color.label.default","leaf":{"value":"{text.body.primary.onLight}","type":"color","failedToResolve":true},"reason":"Color values should solid or gradient"},{"path":"control.color.description.default","leaf":{"value":"{text.body.secondary.onLight}","type":"color","failedToResolve":true},"reason":"Color values should solid or gradient"},{"path":"textFields.color.text.label.focused","leaf":{"value":"{text.body.primary.onLight}","type":"color","failedToResolve":true},"reason":"Color values should solid or gradient"},{"path":"textFields.color.text.counter.focused","leaf":{"value":"{text.body.primary.onLight}","type":"color","failedToResolve":true},"reason":"Color values should solid or gradient"},{"path":"textFields.color.text.helper.default","leaf":{"value":"{text.body.primary.onLight}","type":"color","failedToResolve":true},"reason":"Color values should solid or gradient"},{"path":"textFields.color.text.preSuffix.focused","leaf":{"value":"{text.body.primary.onLight}","type":"color","failedToResolve":true},"reason":"Color values should solid or gradient"},{"path":"bottomSheet.color.font","leaf":{"value":"{text.body.primary.onLight}","type":"color","failedToResolve":true},"reason":"Color values should solid or gradient"},{"path":"cards.color.tiles.text.body","leaf":{"value":"{text.body.primary.onLight}","type":"color","failedToResolve":true},"reason":"Color values should solid or gradient"},{"path":"rows.color.text.description.default","leaf":{"value":"{text.body.primary.onLight}","type":"color","failedToResolve":true},"reason":"Color values should solid or gradient"},{"path":"emptyStates.color.text.description","leaf":{"value":"{text.body.primary.onLight}","type":"color","failedToResolve":true},"reason":"Color values should solid or gradient"},{"path":"acknowledgement.color.text.body","leaf":{"value":"{text.body.primary.onLight}","type":"color","failedToResolve":true},"reason":"Color values should solid or gradient"},{"path":"acknowledgement.color.text.footnote","leaf":{"value":"{text.body.secondary.onLight}","type":"color","failedToResolve":true},"reason":"Color values should solid or gradient"},{"path":"cvp.color.text.description","leaf":{"value":"{text.body.primary.onLight}","type":"color","failedToResolve":true},"reason":"Color values should solid or gradient"},{"path":"authentication.color.text.description","leaf":{"value":"{text.body.primary.onLight}","type":"color","failedToResolve":true},"reason":"Color values should solid or gradient"},{"path":"stepper.color.text.description","leaf":{"value":"{text.body.primary.onLight}","type":"color","failedToResolve":true},"reason":"Color values should solid or gradient"}]}]}