<?xml version="1.0" encoding="utf-8" ?>

<!-- THIS FILE IS AUTO-GENERATED. PLEASE DO NOT EDIT IT MANUALLY.
Last generated on 21/09/2023 9:22:27 am
-->

<resources>
        <!-- Semantic -->
    <attr name="adSemanticTextLinkActive" format="color" />
    <attr name="adSemanticTextLinkPressed" format="color" />
    <attr name="adSemanticTextLinkDisabled" format="color" />
    <attr name="adSemanticTextError" format="color" />
    <attr name="adSemanticTextHeader" format="color" />
    <attr name="adSemanticTextSuccess" format="color" />
    <attr name="adSemanticTextBodyOnLight" format="color" />
    <attr name="adSemanticTextBodyOnDark" format="color" />
    <attr name="adSemanticTextBodyCaptionOnLight" format="color" />
    <attr name="adSemanticTextBodyCaptionOnDark" format="color" />
    <attr name="adSemanticTextBodyEyebrowPrimary" format="color" />
    <attr name="adSemanticTextBodyEyebrowSecondary" format="color" />
    <attr name="adSemanticTextBodyDisabled" format="color" />
    <attr name="adSemanticInteractivePrimaryBgDefault" format="color" />
    <attr name="adSemanticInteractivePrimaryBgPressed" format="color" />
    <attr name="adSemanticInteractivePrimaryBgDisabled" format="color" />
    <attr name="adSemanticInteractiveSecondaryBgDefault" format="color" />
    <attr name="adSemanticInteractiveSecondaryBgPressed" format="color" />
    <attr name="adSemanticInteractiveSecondaryBgDisabled" format="color" />
    <attr name="adSemanticInteractiveSecondaryBorderDefault" format="color" />
    <attr name="adSemanticInteractiveSecondaryBorderPressed" format="color" />
    <attr name="adSemanticInteractiveSecondaryBorderDisabled" format="color" />
    <attr name="adSemanticIconLinkActive" format="color" />
    <attr name="adSemanticIconLinkPressed" format="color" />
    <attr name="adSemanticIconLinkDisabled" format="color" />
    <attr name="adSemanticIconAlert" format="color" />
    <attr name="adSemanticIconError" format="color" />
    <attr name="adSemanticIconSuccess" format="color" />
    <attr name="adSemanticIconInformational" format="color" />
    <attr name="adSemanticIconDefaultOnDark" format="color" />
    <attr name="adSemanticIconDefaultOnLight" format="color" />
    <attr name="adSemanticBackgroundSurface1" format="color" />
    <attr name="adSemanticBackgroundSurface2" format="color" />
    <attr name="adSemanticBackgroundHighlight" format="color" />
    <attr name="adSemanticHyperlinksPrimary" format="reference" />
    <attr name="adSemanticHyperlinksSecondary" format="reference" />
    <attr name="adSemanticHyperlinksTertiary" format="reference" />
    <attr name="adSemanticBodyPrimaryRegular" format="reference" />
    <attr name="adSemanticBodyPrimarySemibold" format="reference" />
    <attr name="adSemanticBodySecondaryRegular" format="reference" />
    <attr name="adSemanticBodySecondarySemibold" format="reference" />
    <attr name="adSemanticCaptionRegular" format="reference" />
    <attr name="adSemanticCaptionSemibold" format="reference" />
    <attr name="adSemanticHeaderPrimary" format="reference" />
    <attr name="adSemanticHeaderSecondary" format="reference" />
    <attr name="adSemanticEyebrowPrimary" format="reference" />
    <attr name="adSemanticEyebrowSecondary" format="reference" />
    <attr name="adSemanticPagemargin" format="dimension" />
    <attr name="adSemanticTextHeaderMain" format="color" />
    <attr name="adSemanticTextHeaderSub" format="color" />

        <!-- Component -->
    <attr name="adComponentButtonStandardColorBgPrimaryDefault" format="color" />
    <attr name="adComponentButtonStandardColorBgPrimaryPressed" format="color" />
    <attr name="adComponentButtonStandardColorBgPrimaryDisabled" format="color" />
    <attr name="adComponentButtonStandardColorTextPrimaryDefault" format="color" />
    <attr name="adComponentButtonStandardColorTextPrimaryDisabled" format="color" />
    <attr name="adComponentButtonStandardColorTextSecondaryDefault" format="color" />
    <attr name="adComponentButtonStandardColorTextSecondaryDisabled" format="color" />
    <attr name="adComponentButtonStandardColorBorderSecondaryDefault" format="color" />
    <attr name="adComponentButtonStandardColorBorderSecondaryPressed" format="color" />
    <attr name="adComponentButtonStandardColorBorderSecondaryDisabled" format="color" />
    <attr name="adComponentButtonStandardColorIconPrimaryDefault" format="color" />
    <attr name="adComponentButtonStandardColorIconPrimaryDisabled" format="color" />
    <attr name="adComponentButtonStandardColorIconSecondaryDefault" format="color" />
    <attr name="adComponentButtonStandardColorIconSecondaryDisabled" format="color" />
    <attr name="adComponentButtonStandardBorderRadius" format="dimension" />
    <attr name="adComponentButtonStandardSpacingVertical" format="dimension" />
    <attr name="adComponentButtonSliderFont" format="reference" />
    <attr name="adComponentButtonSliderColorContainerDefault" format="color" />
    <attr name="adComponentButtonSliderColorContainerPressed" format="color" />
    <attr name="adComponentButtonSliderColorContainerSuccess" format="color" />
    <attr name="adComponentButtonSliderColorContainerError" format="color" />
    <attr name="adComponentButtonSliderColorContainerDisabled" format="color" />
    <attr name="adComponentButtonSliderColorKnobDefault" format="color" />
    <attr name="adComponentButtonSliderColorKnobDisabled" format="color" />
    <attr name="adComponentButtonSliderColorIconDefault" format="color" />
    <attr name="adComponentButtonSliderColorIconKnobDefault" format="color" />
    <attr name="adComponentButtonSliderColorIconKnobDisabled" format="color" />
    <attr name="adComponentButtonSliderColorTextDefault" format="color" />
    <attr name="adComponentButtonSliderColorTextPressed" format="color" />
    <attr name="adComponentButtonSliderColorTextDisabled" format="color" />
    <attr name="adComponentButtonFont" format="reference" />
    <attr name="adComponentButtonRoundedBorderRadius" format="dimension" />
    <attr name="adComponentButtonRoundedSpacingVertical" format="dimension" />
    <attr name="adComponentButtonRoundedSpacingGap" format="dimension" />
    <attr name="adComponentButtonRoundedSpacingHorizontal" format="dimension" />
    <attr name="adComponentButtonComboStandardSpacingGap" format="dimension" />
    <attr name="adComponentButtonComboStandardSpacingVertical" format="dimension" />
    <attr name="adComponentButtonComboRoundedSpacingGap" format="dimension" />
    <attr name="adComponentButtonComboStandardHorizontalSpacingGap" format="dimension" />
    <attr name="adComponentButtonTextLinkGap" format="dimension" />
    <attr name="adComponentButtonTextLinkColorTextDefaultOnLight" format="color" />
    <attr name="adComponentButtonTextLinkColorTextDefaultOnDark" format="color" />
    <attr name="adComponentButtonTextLinkColorTextPressedOnLight" format="color" />
    <attr name="adComponentButtonTextLinkColorTextPressedOnDark" format="color" />
    <attr name="adComponentButtonTextLinkColorTextDisabledOnLight" format="color" />
    <attr name="adComponentButtonTextLinkColorTextDisabledOnDark" format="color" />
    <attr name="adComponentButtonTextLinkColorIconDefaultOnLight" format="color" />
    <attr name="adComponentButtonTextLinkColorIconDefaultOnDark" format="color" />
    <attr name="adComponentButtonTextLinkColorIconPressedOnLight" format="color" />
    <attr name="adComponentButtonTextLinkColorIconPressedOnDark" format="color" />
    <attr name="adComponentButtonTextLinkColorIconDisabledOnLight" format="color" />
    <attr name="adComponentButtonTextLinkColorIconDisabledOnDark" format="color" />
    <attr name="adComponentButtonTextLinkFontPrimary" format="reference" />
    <attr name="adComponentButtonTextLinkFontSecondary" format="reference" />
    <attr name="adComponentButtonTextLinkFontTertiary" format="reference" />
    <attr name="adComponentButtonTextLinkIconSize" format="dimension" />
    <attr name="adComponentButtonTextLinkTertiaryIconSize" format="dimension" />
    <attr name="adComponentButtonCircleColorBgDefault" format="color" />
    <attr name="adComponentButtonCircleColorBgPressed" format="color" />
    <attr name="adComponentButtonCircleColorBgDisabled" format="color" />
    <attr name="adComponentButtonCircleColorActionIcon" format="color" />
    <attr name="adComponentButtonCircleSizeM" format="dimension" />
    <attr name="adComponentButtonCircleSizeL" format="dimension" />
    <attr name="adComponentButtonCircleSizeXl" format="dimension" />
    <attr name="adComponentButtonStickySpacingVerticalWHomeBar" format="dimension" />
    <attr name="adComponentButtonStickySpacingVerticalNoHomeBar" format="dimension" />
    <attr name="adComponentButtonStickyBoxShadowx" format="dimension" />
    <attr name="adComponentButtonStickyBoxShadowy" format="dimension" />
    <attr name="adComponentButtonStickyBoxShadowblur" format="dimension" />
    <attr name="adComponentButtonStickyBoxShadowspread" format="dimension" />
    <attr name="adComponentButtonStickyBoxShadowcolor" format="color" />
    <attr name="adComponentButtonStickyBorderRadius" format="dimension" />
    <attr name="adComponentButtonStickyColorContainer" format="color" />
    <attr name="adComponentOverlayColorContainer" format="color" />
    <attr name="adComponentToastColorActionIconDefault" format="color" />
    <attr name="adComponentToastColorStatusIconDefault" format="color" />
    <attr name="adComponentToastColorStatusIconSuccess" format="color" />
    <attr name="adComponentToastColorStatusIconError" format="color" />
    <attr name="adComponentToastColorStatusIconInformational" format="color" />
    <attr name="adComponentToastColorBgContainerDefault" format="color" />
    <attr name="adComponentToastColorBgContainerSuccess" format="color" />
    <attr name="adComponentToastColorBgContainerError" format="color" />
    <attr name="adComponentToastColorBgContainerInformational" format="color" />
    <attr name="adComponentToastColorBgEmphasisSuccess" format="color" />
    <attr name="adComponentToastColorBgEmphasisError" format="color" />
    <attr name="adComponentToastColorBgEmphasisInformational" format="color" />
    <attr name="adComponentToastColorFont" format="color" />
    <attr name="adComponentToastColorFullWidthIconError" format="color" />
    <attr name="adComponentToastColorFullWidthIconSuccess" format="color" />
    <attr name="adComponentToastColorFullWidthIconInformational" format="color" />
    <attr name="adComponentToastBorderRadius" format="dimension" />
    <attr name="adComponentToastFont" format="reference" />
    <attr name="adComponentToastSpacingVertical" format="dimension" />
    <attr name="adComponentToastSpacingHorizontal" format="dimension" />
    <attr name="adComponentToastSpacingGap" format="dimension" />
    <attr name="adComponentToastSpacingFullWidthTopPadding" format="dimension" />
    <attr name="adComponentToastSpacingFullWidthVertical" format="dimension" />
    <attr name="adComponentToastSpacingFullWidthHorizontal" format="dimension" />
    <attr name="adComponentToastSpacingFullWidthGap" format="dimension" />
    <attr name="adComponentToastSize" format="dimension" />
    <attr name="adComponentToastTitle" format="reference" />
    <attr name="adComponentAvatarFont" format="reference" />
    <attr name="adComponentAvatarColorBgProduct" format="color" />
    <attr name="adComponentAvatarColorBgUser" format="color" />
    <attr name="adComponentAvatarColorText" format="color" />
    <attr name="adComponentAvatarColorIcon" format="color" />
    <attr name="adComponentAvatarSize" format="dimension" />
    <attr name="adComponentAvatarIconSize" format="dimension" />
    <attr name="adComponentLoaderSpinnerColorBorderOnLight" format="color" />
    <attr name="adComponentLoaderSpinnerColorBorderOnDark" format="color" />
    <attr name="adComponentLoaderSpinnerBorderWidth" format="dimension" />
    <attr name="adComponentLoaderSkeletalColorBg" format="color" />
    <attr name="adComponentLoaderSkeletalColorShimmer" format="color" />
    <attr name="adComponentLoaderSkeletalGapVertical" format="dimension" />
    <attr name="adComponentLoaderSkeletalGapHorizontal" format="dimension" />
    <attr name="adComponentLoaderSkeletalHorizontalSizeS" format="dimension" />
    <attr name="adComponentLoaderSkeletalHorizontalSizeM" format="dimension" />
    <attr name="adComponentLoaderSkeletalHorizontalSizeL" format="dimension" />
    <attr name="adComponentLoaderSkeletalHorizontalSizeXl" format="dimension" />
    <attr name="adComponentLoaderSkeletalRoundedBorderRadiusS" format="dimension" />
    <attr name="adComponentSwitchOffColorContainerDefault" format="color" />
    <attr name="adComponentSwitchOffColorContainerDisabled" format="color" />
    <attr name="adComponentSwitchOffColorKnobDefault" format="color" />
    <attr name="adComponentSwitchOffColorKnobDisabled" format="color" />
    <attr name="adComponentSwitchOnColorContainerDefault" format="color" />
    <attr name="adComponentSwitchOnColorContainerDisabled" format="color" />
    <attr name="adComponentSwitchOnColorKnobDefault" format="color" />
    <attr name="adComponentSwitchOnColorKnobDisabled" format="color" />
    <attr name="adComponentSwitchElevationx" format="dimension" />
    <attr name="adComponentSwitchElevationy" format="dimension" />
    <attr name="adComponentSwitchElevationblur" format="dimension" />
    <attr name="adComponentSwitchElevationspread" format="dimension" />
    <attr name="adComponentSwitchElevationcolor" format="color" />
    <attr name="adComponentAlertsSpacingVertical" format="dimension" />
    <attr name="adComponentAlertsSpacingHorizontal" format="dimension" />
    <attr name="adComponentAlertsSpacingGap" format="dimension" />
    <attr name="adComponentAlertsBorderRadiusStandard" format="dimension" />
    <attr name="adComponentAlertsBorderRadiusInCard" format="dimension" />
    <attr name="adComponentAlertsFont" format="reference" />
    <attr name="adComponentAlertsColorFont" format="color" />
    <attr name="adComponentAlertsColorBgContainerAlert" format="color" />
    <attr name="adComponentAlertsColorBgContainerInformational" format="color" />
    <attr name="adComponentAlertsColorBgContainerPromotional" format="color" />
    <attr name="adComponentAlertsColorActionIcon" format="color" />
    <attr name="adComponentAlertsColorStatusIconHighAlert" format="color" />
    <attr name="adComponentAlertsColorStatusIconLowAlert" format="color" />
    <attr name="adComponentAlertsColorStatusIconInformational" format="color" />
    <attr name="adComponentAlertsColorStatusIconPromotional" format="color" />
    <attr name="adComponentDividersColorBgThin" format="color" />
    <attr name="adComponentDividersColorBgThick" format="color" />
    <attr name="adComponentDividersSizeThick" format="dimension" />
    <attr name="adComponentControlOnColorBgDefault" format="color" />
    <attr name="adComponentControlOnColorBgDisabled" format="color" />
    <attr name="adComponentControlOnColorIconDefault" format="color" />
    <attr name="adComponentControlOnColorIconDisabled" format="color" />
    <attr name="adComponentControlOffColorBorderDefault" format="color" />
    <attr name="adComponentControlOffColorBorderError" format="color" />
    <attr name="adComponentControlOffColorBgDisabled" format="color" />
    <attr name="adComponentControlElevationx" format="dimension" />
    <attr name="adComponentControlElevationy" format="dimension" />
    <attr name="adComponentControlElevationblur" format="dimension" />
    <attr name="adComponentControlElevationspread" format="dimension" />
    <attr name="adComponentControlElevationcolor" format="color" />
    <attr name="adComponentControlColorLabelDefault" format="color" />
    <attr name="adComponentControlColorLabelDisabled" format="color" />
    <attr name="adComponentControlColorDescriptionDefault" format="color" />
    <attr name="adComponentControlColorDescriptionDisabled" format="color" />
    <attr name="adComponentControlFontLabelS" format="reference" />
    <attr name="adComponentControlFontLabelXs" format="reference" />
    <attr name="adComponentControlFontDescriptionS" format="reference" />
    <attr name="adComponentControlFontDescriptionXs" format="reference" />
    <attr name="adComponentControlSpacingHorizontalLabel" format="dimension" />
    <attr name="adComponentControlSpacingHorizontalColumn" format="dimension" />
    <attr name="adComponentControlSpacingVerticalDescription" format="dimension" />
    <attr name="adComponentControlSpacingVerticalStatus" format="dimension" />
    <attr name="adComponentControlSpacingVerticalRow" format="dimension" />
    <attr name="adComponentTabsColorTextSelected" format="color" />
    <attr name="adComponentTabsColorTextDefault" format="color" />
    <attr name="adComponentTabsColorTextPill" format="color" />
    <attr name="adComponentTabsColorBgSelectedbar" format="color" />
    <attr name="adComponentTabsColorBgPill" format="color" />
    <attr name="adComponentTabsFontLarge" format="reference" />
    <attr name="adComponentTabsFontMedium" format="reference" />
    <attr name="adComponentTabsFontCompactSelected" format="reference" />
    <attr name="adComponentTabsFontCompactDefault" format="reference" />
    <attr name="adComponentTabsSpacingVertical" format="dimension" />
    <attr name="adComponentTabsSpacingHorizontal" format="dimension" />
    <attr name="adComponentTabsSpacingGap" format="dimension" />
    <attr name="adComponentTabsCompactHorizontal" format="dimension" />
    <attr name="adComponentTabsCompactGap" format="dimension" />
    <attr name="adComponentTabsCompactBar" format="dimension" />
    <attr name="adComponentTabsPillVertical" format="dimension" />
    <attr name="adComponentTabsPillHorizontal" format="dimension" />
    <attr name="adComponentTabsPillInBetween" format="dimension" />
    <attr name="adComponentTabsPillContainerVertical" format="dimension" />
    <attr name="adComponentTabsPillContainerHorizontal" format="dimension" />
    <attr name="adComponentPagetitleSpacingGapVertical" format="dimension" />
    <attr name="adComponentPagetitleSpacingGapHorizontal" format="dimension" />
    <attr name="adComponentPagetitleSpacingVerticalL" format="dimension" />
    <attr name="adComponentPagetitleSpacingVerticalM" format="dimension" />
    <attr name="adComponentPagetitleSpacingVerticalS" format="dimension" />
    <attr name="adComponentPagetitleSpacingVerticalXl" format="dimension" />
    <attr name="adComponentPagetitleFontHeaderLarge" format="reference" />
    <attr name="adComponentPagetitleFontHeaderMedium" format="reference" />
    <attr name="adComponentPagetitleFontHeaderSmall" format="reference" />
    <attr name="adComponentPagetitleFontHeaderEyebrow" format="reference" />
    <attr name="adComponentPagetitleFontDescription" format="reference" />
    <attr name="adComponentPagetitleColorTextHeader" format="color" />
    <attr name="adComponentPagetitleColorTextDescription" format="color" />
    <attr name="adComponentPagetitleColorTextEyebrow" format="color" />
    <attr name="adComponentNavigationBottomFont" format="reference" />
    <attr name="adComponentNavigationBottomColorIconOn" format="color" />
    <attr name="adComponentNavigationBottomColorIconOff" format="color" />
    <attr name="adComponentNavigationBottomColorTextOn" format="color" />
    <attr name="adComponentNavigationBottomColorTextOff" format="color" />
    <attr name="adComponentNavigationBottomColorBgContainer" format="color" />
    <attr name="adComponentNavigationBottomBorderWidthFeatured" format="dimension" />
    <attr name="adComponentNavigationBottomSpacingGapDefault" format="dimension" />
    <attr name="adComponentNavigationBottomSpacingVerticalBottom" format="dimension" />
    <attr name="adComponentNavigationBottomSpacingVerticalTop" format="dimension" />
    <attr name="adComponentNavigationBottomSizeFeatured" format="dimension" />
    <attr name="adComponentNavigationTopStandardColorIconOnLight" format="color" />
    <attr name="adComponentNavigationTopStandardColorIconOnDark" format="color" />
    <attr name="adComponentNavigationTopStandardColorTextOnLight" format="color" />
    <attr name="adComponentNavigationTopStandardColorTextOnDark" format="color" />
    <attr name="adComponentNavigationTopStandardColorContainer" format="color" />
    <attr name="adComponentNavigationTopStandardSpacingVertical" format="dimension" />
    <attr name="adComponentNavigationTopStandardSpacingHorizontal" format="dimension" />
    <attr name="adComponentNavigationTopStandardSpacingGapDefault" format="dimension" />
    <attr name="adComponentNavigationTopStandardSpacingGapIcon" format="dimension" />
    <attr name="adComponentNavigationTopStandardFont" format="reference" />
    <attr name="adComponentNavigationTopSearchSpacingVerticalTop" format="dimension" />
    <attr name="adComponentNavigationTopSearchSpacingVerticalBottom" format="dimension" />
    <attr name="adComponentNavigationTopSearchSpacingHorizontal" format="dimension" />
    <attr name="adComponentSearchColorTextInputOnDark" format="color" />
    <attr name="adComponentSearchColorTextInputOnLight" format="color" />
    <attr name="adComponentSearchColorTextPlaceholderOnDark" format="color" />
    <attr name="adComponentSearchColorTextPlaceholderOnLight" format="color" />
    <attr name="adComponentSearchColorIconOnLight" format="color" />
    <attr name="adComponentSearchColorIconOnDark" format="color" />
    <attr name="adComponentSearchColorContainerOnLight" format="color" />
    <attr name="adComponentSearchColorContainerOnDark" format="color" />
    <attr name="adComponentSearchColorBorderOnLight" format="color" />
    <attr name="adComponentSearchColorBorderOnDark" format="color" />
    <attr name="adComponentSearchFontInput" format="reference" />
    <attr name="adComponentSearchFontPlaceholder" format="reference" />
    <attr name="adComponentSearchSpacingSearchBarHorizontal" format="dimension" />
    <attr name="adComponentSearchSpacingSearchBarVertical" format="dimension" />
    <attr name="adComponentSearchGapHorizontal" format="dimension" />
    <attr name="adComponentSearchGapSearchIcon" format="dimension" />
    <attr name="adComponentSearchGapSearchBar" format="dimension" />
    <attr name="adComponentSearchBorderRadius" format="dimension" />
    <attr name="adComponentQuickactionbarSpacingGap" format="dimension" />
    <attr name="adComponentQuickactionbarSpacingHorizontal" format="dimension" />
    <attr name="adComponentQuickactionbarSpacingVertical" format="dimension" />
    <attr name="adComponentQuickactionbarFont" format="reference" />
    <attr name="adComponentQuickactionbarColorIconDefault" format="color" />
    <attr name="adComponentQuickactionbarColorIconDisabled" format="color" />
    <attr name="adComponentQuickactionbarColorTextDefault" format="color" />
    <attr name="adComponentQuickactionbarColorTextDisabled" format="color" />
    <attr name="adComponentTextFieldsFontInput" format="reference" />
    <attr name="adComponentTextFieldsFontPlaceholder" format="reference" />
    <attr name="adComponentTextFieldsFontCounter" format="reference" />
    <attr name="adComponentTextFieldsFontHelper" format="reference" />
    <attr name="adComponentTextFieldsFontError" format="reference" />
    <attr name="adComponentTextFieldsFontLabelDefault" format="reference" />
    <attr name="adComponentTextFieldsFontLabelFocused" format="reference" />
    <attr name="adComponentTextFieldsFontPresuffix" format="reference" />
    <attr name="adComponentTextFieldsColorTextLabelDefault" format="color" />
    <attr name="adComponentTextFieldsColorTextLabelFocused" format="color" />
    <attr name="adComponentTextFieldsColorTextLabelDisabled" format="color" />
    <attr name="adComponentTextFieldsColorTextInputFocused" format="color" />
    <attr name="adComponentTextFieldsColorTextInputDisabled" format="color" />
    <attr name="adComponentTextFieldsColorTextPlaceholder" format="color" />
    <attr name="adComponentTextFieldsColorTextCounterFocused" format="color" />
    <attr name="adComponentTextFieldsColorTextCounterDisabled" format="color" />
    <attr name="adComponentTextFieldsColorTextHelperDefault" format="color" />
    <attr name="adComponentTextFieldsColorTextHelperDisabled" format="color" />
    <attr name="adComponentTextFieldsColorTextError" format="color" />
    <attr name="adComponentTextFieldsColorTextSuccess" format="color" />
    <attr name="adComponentTextFieldsColorTextPreSuffixFocused" format="color" />
    <attr name="adComponentTextFieldsColorTextPreSuffixDisabled" format="color" />
    <attr name="adComponentTextFieldsColorIconDefault" format="color" />
    <attr name="adComponentTextFieldsColorIconDisabled" format="color" />
    <attr name="adComponentTextFieldsColorUnderlineDefault" format="color" />
    <attr name="adComponentTextFieldsColorUnderlineFocused" format="color" />
    <attr name="adComponentTextFieldsColorUnderlineDisabled" format="color" />
    <attr name="adComponentTextFieldsColorUnderlineError" format="color" />
    <attr name="adComponentTextFieldsColorUnderlineSuccess" format="color" />
    <attr name="adComponentTextFieldsColorButtonInactive" format="color" />
    <attr name="adComponentAvatarSpacingVertical" format="dimension" />
    <attr name="adComponentAvatarSpacingHorizontal" format="dimension" />
    <attr name="adComponentTextFieldsColorButtonIconInactive" format="color" />
    <attr name="adComponentTextFieldsFilledColorContainerDefault" format="color" />
    <attr name="adComponentTextFieldsFilledColorContainerDisabled" format="color" />
    <attr name="adComponentTextFieldsFilledBorderRadiusTop" format="dimension" />
    <attr name="adComponentTextFieldsFilledBorderRadiusBtm" format="dimension" />
    <attr name="adComponentTextFieldsSpacingVerticalDefault" format="dimension" />
    <attr name="adComponentTextFieldsSpacingVerticalBottomFocused" format="dimension" />
    <attr name="adComponentTextFieldsSpacingVerticalTopFocused" format="dimension" />
    <attr name="adComponentTextFieldsSpacingHorizontalDefault" format="dimension" />
    <attr name="adComponentTextFieldsSpacingHorizontalFocused" format="dimension" />
    <attr name="adComponentTextFieldsSpacingGapFocused" format="dimension" />
    <attr name="adComponentTextFieldsSpacingGapScrollbar" format="dimension" />
    <attr name="adComponentTextFieldsSpacingGapSuffixS" format="dimension" />
    <attr name="adComponentTextFieldsSpacingGapSuffixM" format="dimension" />
    <attr name="adComponentTextFieldsSpacingGapFields" format="dimension" />
    <attr name="adComponentTextFieldsSpacingHelperVertical" format="dimension" />
    <attr name="adComponentTextFieldsSpacingHelperHorizontal" format="dimension" />
    <attr name="adComponentTextFieldsBorderWidthUnderline" format="dimension" />
    <attr name="adComponentTextFieldsAmountSmallFontInputDefault" format="reference" />
    <attr name="adComponentTextFieldsAmountSmallFontInputMed" format="reference" />
    <attr name="adComponentTextFieldsAmountSmallFontInputMin" format="reference" />
    <attr name="adComponentTextFieldsAmountSmallFontPlaceholderDefault" format="reference" />
    <attr name="adComponentTextFieldsAmountSmallFontPlaceholderMed" format="reference" />
    <attr name="adComponentTextFieldsAmountSmallFontPlaceholderMin" format="reference" />
    <attr name="adComponentTextFieldsAmountSmallFontSuffix" format="reference" />
    <attr name="adComponentTextFieldsAmountSmallGapDropdown" format="dimension" />
    <attr name="adComponentTextFieldsAmountSmallGapFlag" format="dimension" />
    <attr name="adComponentTextFieldsAmountSmallGapInput" format="dimension" />
    <attr name="adComponentTextFieldsAmountBigFontInputDefault" format="reference" />
    <attr name="adComponentTextFieldsAmountBigFontInputMed" format="reference" />
    <attr name="adComponentTextFieldsAmountBigFontInputMin" format="reference" />
    <attr name="adComponentTextFieldsAmountBigFontPlaceholderDefault" format="reference" />
    <attr name="adComponentTextFieldsAmountBigFontPlaceholderMed" format="reference" />
    <attr name="adComponentTextFieldsAmountBigFontPlaceholderMin" format="reference" />
    <attr name="adComponentTextFieldsAmountBigFontSuffix" format="reference" />
    <attr name="adComponentTextFieldsAmountBigFontHelper" format="reference" />
    <attr name="adComponentTextFieldsAmountBigSpacingGap" format="dimension" />
    <attr name="adComponentTextFieldsAmountBigSpacingDescriptionVertical" format="dimension" />
    <attr name="adComponentTextFieldsAmountBigGapDescription" format="dimension" />
    <attr name="adComponentTextFieldsAmountBigGapDropdown" format="dimension" />
    <attr name="adComponentTextFieldsAmountBigGapFlag" format="dimension" />
    <attr name="adComponentTextFieldsAmountBigGapInput" format="dimension" />
    <attr name="adComponentTextFieldsDualAmountSmallGapVertical" format="dimension" />
    <attr name="adComponentTextFieldsDualAmountSmallSpacingLoaders" format="dimension" />
    <attr name="adComponentTextFieldsDualAmountBigDivider" format="dimension" />
    <attr name="adComponentTextFieldsDualAmountBigSpacingTopVerticalBtm" format="dimension" />
    <attr name="adComponentTextFieldsDualAmountBigSpacingTopVerticalTop" format="dimension" />
    <attr name="adComponentTextFieldsDualAmountBigSpacingBtmVerticalTop" format="dimension" />
    <attr name="adComponentTextFieldsDualAmountBigSpacingBtmVerticalBtm" format="dimension" />
    <attr name="adComponentTextFieldsDualAmountBigSpacingLoaders" format="dimension" />
    <attr name="adComponentTextFieldsDualAmountBigSpacingHorizontal" format="dimension" />
    <attr name="adComponentDatapointsFontLabelS" format="reference" />
    <attr name="adComponentDatapointsFontLabelXs" format="reference" />
    <attr name="adComponentDatapointsFontDetailsXl" format="reference" />
    <attr name="adComponentDatapointsFontDetailsL" format="reference" />
    <attr name="adComponentDatapointsFontDetailsM" format="reference" />
    <attr name="adComponentDatapointsFontDetailsS" format="reference" />
    <attr name="adComponentDatapointsFontDetailsXs" format="reference" />
    <attr name="adComponentDatapointsFontDetailsXxs" format="reference" />
    <attr name="adComponentDatapointsFontDescription" format="reference" />
    <attr name="adComponentDatapointsFontPnLS" format="reference" />
    <attr name="adComponentDatapointsFontPnLXs" format="reference" />
    <attr name="adComponentDatapointsColorTextLabel" format="color" />
    <attr name="adComponentDatapointsColorTextDetails" format="color" />
    <attr name="adComponentDatapointsColorTextDescription" format="color" />
    <attr name="adComponentDatapointsColorTextProfit" format="color" />
    <attr name="adComponentDatapointsColorTextLoss" format="color" />
    <attr name="adComponentDatapointsColorIcon" format="color" />
    <attr name="adComponentDatapointsColorEmphasisbar" format="color" />
    <attr name="adComponentDatapointsSpacingGapVerticalRow" format="dimension" />
    <attr name="adComponentDatapointsSpacingGapVerticalSpacer" format="dimension" />
    <attr name="adComponentDatapointsSpacingGapHorizontalDetails" format="dimension" />
    <attr name="adComponentDatapointsSpacingGapHorizontalLabel" format="dimension" />
    <attr name="adComponentDatapointsSpacingGapHorizontalColumn" format="dimension" />
    <attr name="adComponentDatapointsSpacingGapHorizontalLegend" format="dimension" />
    <attr name="adComponentDatapointsSpacingPaddingLabel" format="dimension" />
    <attr name="adComponentDatapointsSpacingPaddingVertical" format="dimension" />
    <attr name="adComponentDatapointsSpacingPaddingLegend" format="dimension" />
    <attr name="adComponentDatapointsSpacer" format="dimension" />
    <attr name="adComponentDataelementsBodyGapHorizontalTrailing" format="dimension" />
    <attr name="adComponentDataelementsBodyGapHorizontalText" format="dimension" />
    <attr name="adComponentDataelementsHeaderGapHorizontalTrailng" format="dimension" />
    <attr name="adComponentDataelementsHeaderGapHorizontalText" format="dimension" />
    <attr name="adComponentDataelementsLabelGapHorizontalTrailng" format="dimension" />
    <attr name="adComponentDataelementsLabelGapHorizontalText" format="dimension" />
    <attr name="adComponentDataelementsDescriptionGapHorizontalTrailing" format="dimension" />
    <attr name="adComponentDataelementsDescriptionGapHorizontalText" format="dimension" />
    <attr name="adComponentBottomSheetSpacingSwipeBarVerticalTop" format="dimension" />
    <attr name="adComponentBottomSheetSpacingSwipeBarVerticalBottom" format="dimension" />
    <attr name="adComponentBottomSheetSpacingCtaStandardVerticalTop" format="dimension" />
    <attr name="adComponentBottomSheetSpacingCtaStandardVerticalBottom" format="dimension" />
    <attr name="adComponentBottomSheetSpacingCtaStandardHorizontal" format="dimension" />
    <attr name="adComponentBottomSheetSpacingCtaStickyVerticalTop" format="dimension" />
    <attr name="adComponentBottomSheetSpacingCtaStickyVerticalBottom" format="dimension" />
    <attr name="adComponentBottomSheetSpacingCtaStickyHorizontal" format="dimension" />
    <attr name="adComponentBottomSheetSpacingTitleNoIconHorizontal" format="dimension" />
    <attr name="adComponentBottomSheetSpacingTitleWithIconHorizontalLeft" format="dimension" />
    <attr name="adComponentBottomSheetSpacingTitleWithIconHorizontalRight" format="dimension" />
    <attr name="adComponentBottomSheetSpacingTitleVerticalBottom" format="dimension" />
    <attr name="adComponentBottomSheetSpacingContentHorizontal" format="dimension" />
    <attr name="adComponentBottomSheetSpacingContentVerticalBottom" format="dimension" />
    <attr name="adComponentBottomSheetSpacingContentSelectionHorizontal" format="dimension" />
    <attr name="adComponentBottomSheetGapTitleWithIconHorizontal" format="dimension" />
    <attr name="adComponentBottomSheetColorContainer" format="color" />
    <attr name="adComponentBottomSheetColorIcon" format="color" />
    <attr name="adComponentBottomSheetColorFont" format="color" />
    <attr name="adComponentBottomSheetColorSwipeBar" format="color" />
    <attr name="adComponentBottomSheetSizeSwipeBarWidth" format="dimension" />
    <attr name="adComponentBottomSheetSizeSwipeBarHeight" format="dimension" />
    <attr name="adComponentBottomSheetBorderRadiusContainerTop" format="dimension" />
    <attr name="adComponentBottomSheetBorderRadiusContainerBottom" format="dimension" />
    <attr name="adComponentBottomSheetBorderRadiusSwipeBar" format="dimension" />
    <attr name="adComponentBottomSheetFontContent" format="reference" />
    <attr name="adComponentCardsBoxShadowContentHighx" format="dimension" />
    <attr name="adComponentCardsBoxShadowContentHighy" format="dimension" />
    <attr name="adComponentCardsBoxShadowContentHighblur" format="dimension" />
    <attr name="adComponentCardsBoxShadowContentHighspread" format="dimension" />
    <attr name="adComponentCardsBoxShadowContentHighcolor" format="color" />
    <attr name="adComponentCardsBoxShadowContentLowx" format="dimension" />
    <attr name="adComponentCardsBoxShadowContentLowy" format="dimension" />
    <attr name="adComponentCardsBoxShadowContentLowblur" format="dimension" />
    <attr name="adComponentCardsBoxShadowContentLowspread" format="dimension" />
    <attr name="adComponentCardsBoxShadowContentLowcolor" format="color" />
    <attr name="adComponentCardsBoxShadowBasex" format="dimension" />
    <attr name="adComponentCardsBoxShadowBasey" format="dimension" />
    <attr name="adComponentCardsBoxShadowBaseblur" format="dimension" />
    <attr name="adComponentCardsBoxShadowBasespread" format="dimension" />
    <attr name="adComponentCardsBoxShadowBasecolor" format="color" />
    <attr name="adComponentCardsColorFillHigh" format="color" />
    <attr name="adComponentCardsColorFillLow" format="color" />
    <attr name="adComponentCardsColorIcon" format="color" />
    <attr name="adComponentCardsColorInsightsCardTextBody" format="color" />
    <attr name="adComponentCardsColorInsightsCardTextTitle" format="color" />
    <attr name="adComponentCardsColorInsightsCardTextEyebrow" format="color" />
    <attr name="adComponentCardsColorActionCardTextTitle" format="color" />
    <attr name="adComponentCardsColorActionCardTextBody" format="color" />
    <attr name="adComponentCardsColorProductCardBody" format="color" />
    <attr name="adComponentCardsColorSelectionCardTitleDefault" format="color" />
    <attr name="adComponentCardsColorSelectionCardTitleDisabled" format="color" />
    <attr name="adComponentCardsColorSelectionCardIconDefault" format="color" />
    <attr name="adComponentCardsColorSelectionCardIconDisabled" format="color" />
    <attr name="adComponentCardsFontInsightsCardEyebrow" format="reference" />
    <attr name="adComponentCardsFontInsightsCardTitle" format="reference" />
    <attr name="adComponentCardsFontInsightsCardBody" format="reference" />
    <attr name="adComponentCardsFontActionCardTitle" format="reference" />
    <attr name="adComponentCardsFontActionCardBody" format="reference" />
    <attr name="adComponentCardsFontProductCardBody" format="reference" />
    <attr name="adComponentCardsFontTilesTitle" format="reference" />
    <attr name="adComponentCardsFontTilesBody" format="reference" />
    <attr name="adComponentCardsFontSelectionCardTitle" format="reference" />
    <attr name="adComponentCardsSpacingInsightCardVertical" format="dimension" />
    <attr name="adComponentCardsSpacingInsightCardHorizontal" format="dimension" />
    <attr name="adComponentCardsSpacingInsightCardGapVertical" format="dimension" />
    <attr name="adComponentCardsSpacingInsightCardGapHorizontal" format="dimension" />
    <attr name="adComponentQuickactionbarSpacingMargin" format="dimension" />
    <attr name="adComponentCardsSpacingInsightCardCarouselVertical" format="dimension" />
    <attr name="adComponentCardsSpacingInsightCardCarouselHorizontal" format="dimension" />
    <attr name="adComponentCardsActionCardSpacingVertical" format="dimension" />
    <attr name="adComponentCardsActionCardSpacingHorizontal" format="dimension" />
    <attr name="adComponentCardsActionCardSpacerContentVertical" format="dimension" />
    <attr name="adComponentCardsActionCardGapVertical" format="dimension" />
    <attr name="adComponentCardsActionCardGapHorizontal" format="dimension" />
    <attr name="adComponentCardsActionCardGapDatapointVertical" format="dimension" />
    <attr name="adComponentCardsProductCardSpacingVertical" format="dimension" />
    <attr name="adComponentCardsProductCardSpacingHorizontal" format="dimension" />
    <attr name="adComponentCardsProductCardGapHorizontal" format="dimension" />
    <attr name="adComponentCardsProductCardGapVertical" format="dimension" />
    <attr name="adComponentCardsContentBorderRadius" format="dimension" />
    <attr name="adComponentCardsBaseBorderRadiusTop" format="dimension" />
    <attr name="adComponentCardsStandardBorderRadius" format="dimension" />
    <attr name="adComponentCardsTilesSpacingVertical" format="dimension" />
    <attr name="adComponentCardsTilesSpacingHorizontal" format="dimension" />
    <attr name="adComponentCardsTilesGapVertical" format="dimension" />
    <attr name="adComponentCardsTilesGapHorizontal" format="dimension" />
    <attr name="adComponentCardsSelectionCardSpacingVertical" format="dimension" />
    <attr name="adComponentCardsSelectionCardSpacingHorizontal" format="dimension" />
    <attr name="adComponentCardsSelectionCardGap" format="dimension" />
    <attr name="adComponentCardsModularSpacingHorizontal" format="dimension" />
    <attr name="adComponentCardsModularSpacingVertical" format="dimension" />
    <attr name="adComponentCardsModularSpacingContentVerticalTop" format="dimension" />
    <attr name="adComponentCardsModularSpacingPrefixIconHorizontal" format="dimension" />
    <attr name="adComponentCardsModularSpacingPrefixIconVertical" format="dimension" />
    <attr name="adComponentCardsModularSpacingPrefixCardHorizontal" format="dimension" />
    <attr name="adComponentCardsModularSpacingPrefixCardVertical" format="dimension" />
    <attr name="adComponentCardsModularGapVertical" format="dimension" />
    <attr name="adComponentCardsModularGapContentVertical" format="dimension" />
    <attr name="adComponentCardsModularGapHeaderHorizontal" format="dimension" />
    <attr name="adComponentCardsModularGapHeaderVertical" format="dimension" />
    <attr name="adComponentCardsModularGapFooterVertical" format="dimension" />
    <attr name="adComponentTilesStandardBorderRadius" format="dimension" />
    <attr name="adComponentTilesStandardColorContainerStaticVariant1" format="color" />
    <attr name="adComponentTilesStandardColorContainerStaticVariant2" format="color" />
    <attr name="adComponentTilesStandardColorTextHeadline" format="color" />
    <attr name="adComponentTilesStandardColorTextBody" format="color" />
    <attr name="adComponentTilesStandardColorTextEyebrow" format="color" />
    <attr name="adComponentTilesStandardColorIcon" format="color" />
    <attr name="adComponentTilesStandardSpacingContentVertical" format="dimension" />
    <attr name="adComponentTilesStandardSpacingContentBadgeVerticalTop" format="dimension" />
    <attr name="adComponentTilesStandardSpacingContentBadgeHorizontalRight" format="dimension" />
    <attr name="adComponentTilesStandardSpacingContentHorizontalLeft" format="dimension" />
    <attr name="adComponentTilesStandardSpacingContentHorizontalRight" format="dimension" />
    <attr name="adComponentTilesStandardSpacingThumbnailVertical" format="dimension" />
    <attr name="adComponentTilesStandardSpacingThumbnailHorizontalLeft" format="dimension" />
    <attr name="adComponentTilesStandardSpacingThumbnailHorizontalRight" format="dimension" />
    <attr name="adComponentTilesStandardGapContentVertical" format="dimension" />
    <attr name="adComponentTilesStandardGapContentHorizontal" format="dimension" />
    <attr name="adComponentTilesStandardFontHeadline" format="reference" />
    <attr name="adComponentTilesStandardFontEyebrow" format="reference" />
    <attr name="adComponentTilesStandardFontBody" format="reference" />
    <attr name="adComponentTilesStandardFontBadge" format="reference" />
    <attr name="adComponentTilesStandardBadgeColorText" format="color" />
    <attr name="adComponentTilesStandardBadgeColorContainer" format="color" />
    <attr name="adComponentTilesColorContainerBase" format="color" />
    <attr name="adComponentTilesColorContainerVariant1" format="color" />
    <attr name="adComponentTilesColorContainerVariant2" format="color" />
    <attr name="adComponentTilesColorContainerVariant3" format="color" />
    <attr name="adComponentTilesColorContainerVariant4" format="color" />
    <attr name="adComponentTilesColorContainerVariant5" format="color" />
    <attr name="adComponentTilesColorContainerVariant6" format="color" />
    <attr name="adComponentTilesColorContainerVariant7" format="color" />
    <attr name="adComponentTilesBadgeBorderRadius" format="dimension" />
    <attr name="adComponentTilesBadgeSpacingVertical" format="dimension" />
    <attr name="adComponentTilesBadgeSpacingHorizontal" format="dimension" />
    <attr name="adComponentTilesBadgeGapHorizontal" format="dimension" />
    <attr name="adComponentTilesBadgeBoxShadowx" format="dimension" />
    <attr name="adComponentTilesBadgeBoxShadowy" format="dimension" />
    <attr name="adComponentTilesBadgeBoxShadowblur" format="dimension" />
    <attr name="adComponentTilesBadgeBoxShadowspread" format="dimension" />
    <attr name="adComponentTilesBadgeBoxShadowcolor" format="color" />
    <attr name="adComponentTilesFeatureFontEyebrow" format="reference" />
    <attr name="adComponentTilesFeatureFontHeader" format="reference" />
    <attr name="adComponentTilesFeatureFontBody" format="reference" />
    <attr name="adComponentTilesFeatureColorTextEyebrow" format="color" />
    <attr name="adComponentTilesFeatureColorTextHeader" format="color" />
    <attr name="adComponentTilesFeatureColorTextBody" format="color" />
    <attr name="adComponentTilesFeatureBorderRadius" format="dimension" />
    <attr name="adComponentTilesFeatureSpacingContentVertical" format="dimension" />
    <attr name="adComponentTilesFeatureSpacingContentHorizontal" format="dimension" />
    <attr name="adComponentTilesFeatureGapLabels" format="dimension" />
    <attr name="adComponentTilesFeatureGapContentVerticalS" format="dimension" />
    <attr name="adComponentTilesFeatureGapContentVerticalXs" format="dimension" />
    <attr name="adComponentTilesFeatureBoxShadowx" format="dimension" />
    <attr name="adComponentTilesFeatureBoxShadowy" format="dimension" />
    <attr name="adComponentTilesFeatureBoxShadowblur" format="dimension" />
    <attr name="adComponentTilesFeatureBoxShadowspread" format="dimension" />
    <attr name="adComponentTilesFeatureBoxShadowcolor" format="color" />
    <attr name="adComponentTilesRewardsColorContainer" format="color" />
    <attr name="adComponentTilesRewardsColorTextDescriptionDefault" format="color" />
    <attr name="adComponentTilesRewardsColorTextDescriptionDisabled" format="color" />
    <attr name="adComponentTilesRewardsColorTextHeaderDefault" format="color" />
    <attr name="adComponentTilesRewardsColorTextHeaderDisabled" format="color" />
    <attr name="adComponentTilesRewardsColorTextPointsStrikethrough" format="color" />
    <attr name="adComponentTilesRewardsColorTextPointsDefault" format="color" />
    <attr name="adComponentTilesRewardsColorTextPointsDisabled" format="color" />
    <attr name="adComponentTilesRewardsColorTextEyebrow" format="color" />
    <attr name="adComponentTilesRewardsBoxShadowx" format="dimension" />
    <attr name="adComponentTilesRewardsBoxShadowy" format="dimension" />
    <attr name="adComponentTilesRewardsBoxShadowblur" format="dimension" />
    <attr name="adComponentTilesRewardsBoxShadowspread" format="dimension" />
    <attr name="adComponentTilesRewardsBoxShadowcolor" format="color" />
    <attr name="adComponentTilesRewardsBorderRadius" format="dimension" />
    <attr name="adComponentTilesRewardsSmallFontHeader" format="reference" />
    <attr name="adComponentTilesRewardsSmallFontDescription" format="reference" />
    <attr name="adComponentTilesRewardsSmallFontPointsStrikethrough" format="reference" />
    <attr name="adComponentTilesRewardsSmallFontPointsDefault" format="reference" />
    <attr name="adComponentTilesRewardsSpacingContentVertical" format="dimension" />
    <attr name="adComponentTilesRewardsSpacingContentHorizontal" format="dimension" />
    <attr name="adComponentTilesRewardsSpacingLabel" format="dimension" />
    <attr name="adComponentTilesRewardsGapContentVerticalS" format="dimension" />
    <attr name="adComponentTilesRewardsGapContentVerticalXs" format="dimension" />
    <attr name="adComponentTilesRewardsGapRow" format="dimension" />
    <attr name="adComponentTilesRewardsLargeFontHeader" format="reference" />
    <attr name="adComponentTilesRewardsLargeFontDescription" format="reference" />
    <attr name="adComponentTilesRewardsLargeFontEyebrow" format="reference" />
    <attr name="adComponentStatustypesSpacingGap" format="dimension" />
    <attr name="adComponentEmptyStatesFontTitle" format="reference" />
    <attr name="adComponentEmptyStatesFontDescription" format="reference" />
    <attr name="adComponentEmptyStatesColorTextTitle" format="color" />
    <attr name="adComponentEmptyStatesColorTextDescription" format="color" />
    <attr name="adComponentEmptyStatesSpacingInlineHorizontal" format="dimension" />
    <attr name="adComponentEmptyStatesSpacingInlineVertical" format="dimension" />
    <attr name="adComponentEmptyStatesSpacingStandaloneVertical" format="dimension" />
    <attr name="adComponentEmptyStatesSpacingStandaloneHorizontal" format="dimension" />
    <attr name="adComponentEmptyStatesGapVertical" format="dimension" />
    <attr name="adComponentEmptyStatesGapContentVertical" format="dimension" />
    <attr name="adComponentStatustypesSpacingVertical" format="dimension" />
    <attr name="adComponentStatustypesSpacingIconTop" format="dimension" />
    <attr name="adComponentStatustypesColorTextError" format="color" />
    <attr name="adComponentStatustypesColorTextSuccess" format="color" />
    <attr name="adComponentStatustypesColorIconError" format="color" />
    <attr name="adComponentStatustypesColorIconSuccess" format="color" />
    <attr name="adComponentStatustypesFontMedium" format="reference" />
    <attr name="adComponentStatustypesFontSmall" format="reference" />
    <attr name="adComponentRowsFontHeader" format="reference" />
    <attr name="adComponentRowsFontDescriptionBody" format="reference" />
    <attr name="adComponentRowsFontDescriptionDetails" format="reference" />
    <attr name="adComponentRowsFontDescriptionStatus" format="reference" />
    <attr name="adComponentRowsGapVertical" format="dimension" />
    <attr name="adComponentCardsColorTilesTextTitle" format="color" />
    <attr name="adComponentCardsColorTilesTextBody" format="color" />
    <attr name="adComponentRowsSpacingContentVertical" format="dimension" />
    <attr name="adComponentRowsSpacingContentHorizontal" format="dimension" />
    <attr name="adComponentRowsSpacingIconVertical" format="dimension" />
    <attr name="adComponentRowsSpacingIconHorizontalLeft" format="dimension" />
    <attr name="adComponentCardsColorModularSpacingHorizontal" format="dimension" />
    <attr name="adComponentCardsColorModularSpacingVertical" format="dimension" />
    <attr name="adComponentCardsColorModularSpacingContentVerticalTop" format="dimension" />
    <attr name="adComponentCardsColorModularSpacingPrefixIconHorizontal" format="dimension" />
    <attr name="adComponentCardsColorModularSpacingPrefixIconVertical" format="dimension" />
    <attr name="adComponentCardsColorModularSpacingPrefixCardHorizontal" format="dimension" />
    <attr name="adComponentCardsColorModularSpacingPrefixCardVertical" format="dimension" />
    <attr name="adComponentCardsColorModularGapVertical" format="dimension" />
    <attr name="adComponentCardsColorModularGapContentVertical" format="dimension" />
    <attr name="adComponentCardsColorModularGapHeaderHorizontal" format="dimension" />
    <attr name="adComponentCardsColorModularGapHeaderVertical" format="dimension" />
    <attr name="adComponentCardsColorModularGapFooterVertical" format="dimension" />
    <attr name="adComponentRowsSpacingIconHorizontalRight" format="dimension" />
    <attr name="adComponentRowsSpacingCardVertical" format="dimension" />
    <attr name="adComponentRowsSpacingCardHorizontalLeft" format="dimension" />
    <attr name="adComponentRowsSpacingCardHorizontalRight" format="dimension" />
    <attr name="adComponentRowsSpacingContainerHorizontalLeft" format="dimension" />
    <attr name="adComponentRowsColorTextHeaderDefault" format="color" />
    <attr name="adComponentRowsColorTextHeaderDisabled" format="color" />
    <attr name="adComponentRowsColorTextDescriptionDefault" format="color" />
    <attr name="adComponentRowsColorTextDescriptionDisabled" format="color" />
    <attr name="adComponentRowsColorTextDetailsDefault" format="color" />
    <attr name="adComponentRowsColorTextDetailsDisabled" format="color" />
    <attr name="adComponentRowsColorContainerPressed" format="color" />
    <attr name="adComponentRowsColorIconDefault" format="color" />
    <attr name="adComponentRowsColorIconDisabled" format="color" />
    <attr name="adComponentChipsSizeL" format="dimension" />
    <attr name="adComponentChipsSizeM" format="dimension" />
    <attr name="adComponentChipsSizeXl" format="dimension" />
    <attr name="adComponentChipsStandardSpacingVertical" format="dimension" />
    <attr name="adComponentChipsStandardSpacingHorizontal" format="dimension" />
    <attr name="adComponentChipsStandardSpacingGap" format="dimension" />
    <attr name="adComponentChipsFilterPaddingLabel" format="dimension" />
    <attr name="adComponentChipsFilterContainerOffDefault" format="color" />
    <attr name="adComponentChipsFilterContainerOffDisabled" format="color" />
    <attr name="adComponentChipsFilterContainerOnDefault" format="color" />
    <attr name="adComponentChipsFilterContainerOnDisabled" format="color" />
    <attr name="adComponentChipsFilterTextOffDefault" format="color" />
    <attr name="adComponentChipsFilterTextOffDisabled" format="color" />
    <attr name="adComponentChipsFilterTextOn" format="color" />
    <attr name="adComponentChipsFilterIconOffDefault" format="color" />
    <attr name="adComponentChipsFilterIconOffDisabled" format="color" />
    <attr name="adComponentChipsFilterIconOn" format="color" />
    <attr name="adComponentChipsInputColorContainerDefault" format="color" />
    <attr name="adComponentChipsInputColorContainerFocus" format="color" />
    <attr name="adComponentChipsInputColorContainerEntry" format="color" />
    <attr name="adComponentChipsInputColorContainerDefocused" format="color" />
    <attr name="adComponentChipsInputColorTextDefault" format="color" />
    <attr name="adComponentChipsInputColorTextCounter" format="color" />
    <attr name="adComponentChipsInputCounterGap" format="dimension" />
    <attr name="adComponentChipsChoiceContainerOffDefault" format="color" />
    <attr name="adComponentChipsChoiceContainerOffDisabled" format="color" />
    <attr name="adComponentChipsChoiceContainerOnDefault" format="color" />
    <attr name="adComponentChipsChoiceContainerOnDisabled" format="color" />
    <attr name="adComponentChipsChoiceTextOffDefault" format="color" />
    <attr name="adComponentChipsChoiceTextOffDisabled" format="color" />
    <attr name="adComponentChipsChoiceTextOn" format="color" />
    <attr name="adComponentChipsChoiceIconOffDefault" format="color" />
    <attr name="adComponentChipsChoiceIconOffDisabled" format="color" />
    <attr name="adComponentChipsChoiceIconOn" format="color" />
    <attr name="adComponentChipsFontCounter" format="reference" />
    <attr name="adComponentChipsFontLabelS" format="reference" />
    <attr name="adComponentChipsFontLabelL" format="reference" />
    <attr name="adComponentChipsContainerBorderRadiusS" format="dimension" />
    <attr name="adComponentChipsContainerBorderRadiusM" format="dimension" />
    <attr name="adComponentChipsContainerBorderRadiusL" format="dimension" />
    <attr name="adComponentLabelsFontPrimary" format="reference" />
    <attr name="adComponentLabelsFontSecondary" format="reference" />
    <attr name="adComponentLabelsBorderRadius" format="dimension" />
    <attr name="adComponentLabelsAnnouncementColorBgNeutral" format="color" />
    <attr name="adComponentLabelsAnnouncementColorBgColoured" format="color" />
    <attr name="adComponentLabelsAnnouncementColorTextNeutral" format="color" />
    <attr name="adComponentLabelsAnnouncementColorTextColoured" format="color" />
    <attr name="adComponentLabelsStatusColorBgInfo" format="color" />
    <attr name="adComponentLabelsStatusColorBgAlert" format="color" />
    <attr name="adComponentLabelsStatusColorBgNegative" format="color" />
    <attr name="adComponentLabelsStatusColorBgPositive" format="color" />
    <attr name="adComponentLabelsStatusColorText" format="color" />
    <attr name="adComponentLabelsStatusColorIconInfo" format="color" />
    <attr name="adComponentLabelsStatusColorIconAlert" format="color" />
    <attr name="adComponentLabelsStatusColorIconNegative" format="color" />
    <attr name="adComponentLabelsStatusColorIconPositive" format="color" />
    <attr name="adComponentLabelsStatusFontPrimary" format="reference" />
    <attr name="adComponentLabelsSpacingAnnouncementPrimaryVertical" format="dimension" />
    <attr name="adComponentLabelsSpacingAnnouncementPrimaryHorizontal" format="dimension" />
    <attr name="adComponentLabelsSpacingAnnouncementSecondaryVertical" format="dimension" />
    <attr name="adComponentLabelsSpacingAnnouncementSecondaryHorizontal" format="dimension" />
    <attr name="adComponentLabelsSpacingStatusVertical" format="dimension" />
    <attr name="adComponentLabelsSpacingStatusHorizontal" format="dimension" />
    <attr name="adComponentLabelsSpacingGap" format="dimension" />
    <attr name="adComponentLabelsSpacingStandardVertical" format="dimension" />
    <attr name="adComponentLabelsSpacingStandardHorizontal" format="dimension" />
    <attr name="adComponentLabelsStandardBorderRadius" format="dimension" />
    <attr name="adComponentLabelsStandardColorBgNeutral" format="color" />
    <attr name="adComponentLabelsStandardColorBgColoured" format="color" />
    <attr name="adComponentLabelsStandardColorBgWhite" format="color" />
    <attr name="adComponentLabelsStandardColorTextOnLight" format="color" />
    <attr name="adComponentLabelsStandardFontPrimary" format="reference" />
    <attr name="adComponentLabelsStandardFontSecondary" format="reference" />
    <attr name="adComponentAccordionFontStandardLabel" format="reference" />
    <attr name="adComponentAccordionFontStandardDescription" format="reference" />
    <attr name="adComponentAccordionFontContent" format="reference" />
    <attr name="adComponentAccordionFontInCardLabel" format="reference" />
    <attr name="adComponentAccordionColorContainerDefault" format="color" />
    <attr name="adComponentAccordionColorContainerPressed" format="color" />
    <attr name="adComponentAccordionColorTextLabelDefault" format="color" />
    <attr name="adComponentAccordionColorTextLabelDisabled" format="color" />
    <attr name="adComponentAccordionColorTextDescriptionDefault" format="color" />
    <attr name="adComponentAccordionColorTextDescriptionDisabled" format="color" />
    <attr name="adComponentAccordionColorChevronDefault" format="color" />
    <attr name="adComponentAccordionColorChevronDisabled" format="color" />
    <attr name="adComponentAccordionColorContent" format="color" />
    <attr name="adComponentAccordionColorBg" format="color" />
    <attr name="adComponentAccordionColorInCardTextLabelDefault" format="color" />
    <attr name="adComponentAccordionColorInCardTextLabelDisabled" format="color" />
    <attr name="adComponentAccordionColorInCardTextDescriptionDefault" format="color" />
    <attr name="adComponentAccordionColorInCardTextDescriptionDisabled" format="color" />
    <attr name="adComponentAccordionColorInCardChevronDefault" format="color" />
    <attr name="adComponentAccordionColorInCardChevronDisabled" format="color" />
    <attr name="adComponentAccordionGapRows" format="dimension" />
    <attr name="adComponentAccordionGapChevron" format="dimension" />
    <attr name="adComponentAccordionGapInCardRows" format="dimension" />
    <attr name="adComponentAccordionBorderRadiusInCard" format="dimension" />
    <attr name="adComponentAccordionSpacingFullWidthHorizontal" format="dimension" />
    <attr name="adComponentAccordionSpacingCollapsedVertical" format="dimension" />
    <attr name="adComponentAccordionSpacingInCardHorizontal" format="dimension" />
    <attr name="adComponentAccordionSpacingExpandedVertical" format="dimension" />
    <attr name="adComponentAccordionSpacingExpandedBottom" format="dimension" />
    <attr name="adComponentAccordionInCardBoxShadowx" format="dimension" />
    <attr name="adComponentAccordionInCardBoxShadowy" format="dimension" />
    <attr name="adComponentAccordionInCardBoxShadowblur" format="dimension" />
    <attr name="adComponentRowsGapHorizontalHeader" format="dimension" />
    <attr name="adComponentRowsGapHorizontalDescription" format="dimension" />
    <attr name="adComponentAccordionInCardBoxShadowspread" format="dimension" />
    <attr name="adComponentAccordionInCardBoxShadowcolor" format="color" />
    <attr name="adComponentEmptyStatesFontMediumTitle" format="reference" />
    <attr name="adComponentEmptyStatesFontMediumDescription" format="reference" />
    <attr name="adComponentEmptyStatesFontSmallTitle" format="reference" />
    <attr name="adComponentEmptyStatesFontSmallDescription" format="reference" />
    <attr name="adComponentEmptyStatesColorMediumTextTitle" format="color" />
    <attr name="adComponentEmptyStatesColorMediumTextDescription" format="color" />
    <attr name="adComponentEmptyStatesColorSmallTextTitle" format="color" />
    <attr name="adComponentEmptyStatesColorSmallTextDescription" format="color" />
    <attr name="adComponentEmptyStatesSpacingMediumHorizontal" format="dimension" />
    <attr name="adComponentEmptyStatesSpacingMediumVertical" format="dimension" />
    <attr name="adComponentEmptyStatesSpacingLargeVertical" format="dimension" />
    <attr name="adComponentEmptyStatesSpacingLargeHorizontal" format="dimension" />
    <attr name="adComponentEmptyStatesSpacingSmallVertical" format="dimension" />
    <attr name="adComponentEmptyStatesSpacingSmallHorizontal" format="dimension" />
    <attr name="adComponentEmptyStatesGapContainerMediumVertical" format="dimension" />
    <attr name="adComponentEmptyStatesGapContainerSmallVertical" format="dimension" />
    <attr name="adComponentRowsPaddingVerticalSwitch" format="dimension" />
    <attr name="adComponentRowsPaddingVerticalTextlink" format="dimension" />
    <attr name="adComponentEmptyStatesGapContentMediumVertical" format="dimension" />
    <attr name="adComponentEmptyStatesGapContentSmallVertical" format="dimension" />
    <attr name="adComponentTransactionListingColorTextStatus" format="color" />
    <attr name="adComponentTransactionListingColorTextPriBody" format="color" />
    <attr name="adComponentTransactionListingColorTextSecBody" format="color" />
    <attr name="adComponentTransactionListingColorTextAmountIncoming" format="color" />
    <attr name="adComponentTransactionListingColorTextAmountOutgoing" format="color" />
    <attr name="adComponentTransactionListingColorTextForegnCurrency" format="color" />
    <attr name="adComponentTransactionListingColorContainerPressed" format="color" />
    <attr name="adComponentTransactionListingFontStatus" format="reference" />
    <attr name="adComponentTransactionListingFontPriBody" format="reference" />
    <attr name="adComponentTransactionListingFontSecBody" format="reference" />
    <attr name="adComponentTransactionListingFontAmountIncoming" format="reference" />
    <attr name="adComponentTransactionListingFontAmountOutgoing" format="reference" />
    <attr name="adComponentTransactionListingFontForeignCurrency" format="reference" />
    <attr name="adComponentTransactionListingSpacingContentHorizontal" format="dimension" />
    <attr name="adComponentTransactionListingSpacingContentVertical" format="dimension" />
    <attr name="adComponentTransactionListingSpacingIconHorizontalLeft" format="dimension" />
    <attr name="adComponentTransactionListingSpacingIconHorizontalRight" format="dimension" />
    <attr name="adComponentTransactionListingSpacingIconVertical" format="dimension" />
    <attr name="adComponentTransactionListingSpacingCardHorizontalLeft" format="dimension" />
    <attr name="adComponentTransactionListingSpacingCardHorizontalRight" format="dimension" />
    <attr name="adComponentChipsInputColorTextLabel" format="color" />
    <attr name="adComponentTransactionListingSpacingCardVertical" format="dimension" />
    <attr name="adComponentTransactionListingGapStatus" format="dimension" />
    <attr name="adComponentTransactionListingGapBody" format="dimension" />
    <attr name="adComponentTransactionListingGapAmount" format="dimension" />
    <attr name="adComponentTransactionListingGapFx" format="dimension" />
    <attr name="adComponentAcknowledgementSpacingContentHorizontal" format="dimension" />
    <attr name="adComponentAcknowledgementSpacingCtaHorizontal" format="dimension" />
    <attr name="adComponentAcknowledgementSpacingCtaVerticalTop" format="dimension" />
    <attr name="adComponentAcknowledgementSpacingCtaVerticalBottom" format="dimension" />
    <attr name="adComponentAcknowledgementSpacingFootnoteVertical" format="dimension" />
    <attr name="adComponentAcknowledgementGapContentVertical" format="dimension" />
    <attr name="adComponentAcknowledgementGapHeaderVertical" format="dimension" />
    <attr name="adComponentAcknowledgementGapInfoVertical" format="dimension" />
    <attr name="adComponentAcknowledgementFontContent" format="reference" />
    <attr name="adComponentAcknowledgementFontLink" format="reference" />
    <attr name="adComponentAcknowledgementFontFootnote" format="reference" />
    <attr name="adComponentAcknowledgementColorTextBody" format="color" />
    <attr name="adComponentAcknowledgementColorTextLink" format="color" />
    <attr name="adComponentAcknowledgementColorTextFootnote" format="color" />
    <attr name="adComponentOtpColorBgEmpty" format="color" />
    <attr name="adComponentOtpColorBgActivated" format="color" />
    <attr name="adComponentOtpColorBgError" format="color" />
    <attr name="adComponentOtpColorBgFilled" format="color" />
    <attr name="adComponentOtpColorBgInput" format="color" />
    <attr name="adComponentOtpColorTextInput" format="color" />
    <attr name="adComponentOtpColorTextCaption" format="color" />
    <attr name="adComponentOtpFontCaption" format="reference" />
    <attr name="adComponentOtpFontInput" format="reference" />
    <attr name="adComponentOtpGapInputVertical" format="dimension" />
    <attr name="adComponentOtpGapHorizontal" format="dimension" />
    <attr name="adComponentOtpGapVertical" format="dimension" />
    <attr name="adComponentOtpXsGapHorizontal" format="dimension" />
    <attr name="adComponentOtpXsGapSectionHorizontal" format="dimension" />
    <attr name="adComponentCalendarDrumrollIOSSpacingVertical" format="dimension" />
    <attr name="adComponentCalendarDrumrollAndroidSpacingVertical" format="dimension" />
    <attr name="adComponentCalendarPickerFontMonthyear" format="reference" />
    <attr name="adComponentCalendarPickerFontDays" format="reference" />
    <attr name="adComponentCalendarPickerFontDateDefault" format="reference" />
    <attr name="adComponentCalendarPickerFontDateSelected" format="reference" />
    <attr name="adComponentCalendarPickerColorTextMonthyear" format="color" />
    <attr name="adComponentCalendarPickerColorTextDays" format="color" />
    <attr name="adComponentCalendarPickerColorTextDateDefault" format="color" />
    <attr name="adComponentCalendarPickerColorTextDateDisabled" format="color" />
    <attr name="adComponentCalendarPickerColorTextDateToday" format="color" />
    <attr name="adComponentCalendarPickerColorTextDateSelection" format="color" />
    <attr name="adComponentCalendarPickerColorContainerSelected" format="color" />
    <attr name="adComponentCalendarPickerColorContainerRange" format="color" />
    <attr name="adComponentCalendarPickerColorIconChevronActive" format="color" />
    <attr name="adComponentCalendarPickerColorIconChevronInactive" format="color" />
    <attr name="adComponentCalendarPickerColorBg" format="color" />
    <attr name="adComponentErrorHandlingToastSpacingHorizontalBottom" format="dimension" />
    <attr name="adComponentErrorHandlingColorText" format="color" />
    <attr name="adComponentErrorHandlingColorIcon" format="color" />
    <attr name="adComponentProgressIndicatorColorTrack" format="color" />
    <attr name="adComponentProgressIndicatorColorIndicator" format="color" />
    <attr name="adComponentCvpColorTextDescription" format="color" />
    <attr name="adComponentCvpFontDescription" format="reference" />
    <attr name="adComponentCvpSpacingVisualVertical" format="dimension" />
    <attr name="adComponentCvpSpacingContentHorizontal" format="dimension" />
    <attr name="adComponentCvpSpacingContentVertical" format="dimension" />
    <attr name="adComponentCvpSpacingButtonHorizontal" format="dimension" />
    <attr name="adComponentCvpSpacingButtonVerticalTop" format="dimension" />
    <attr name="adComponentCvpSpacingButtonVerticalBtm" format="dimension" />
    <attr name="adComponentCvpGapContent" format="dimension" />
    <attr name="adComponentAuthenticationSpacingHorizontal" format="dimension" />
    <attr name="adComponentAuthenticationSpacingVertical" format="dimension" />
    <attr name="adComponentAuthenticationGapGraphicVertical" format="dimension" />
    <attr name="adComponentAuthenticationGapHeaderVertical" format="dimension" />
    <attr name="adComponentAuthenticationGapContentVertical" format="dimension" />
    <attr name="adComponentAuthenticationColorTextTitle" format="color" />
    <attr name="adComponentAuthenticationColorTextDescription" format="color" />
    <attr name="adComponentAuthenticationColorTextTimer" format="color" />
    <attr name="adComponentAuthenticationColorBgLoader" format="color" />
    <attr name="adComponentAuthenticationFontTitle" format="reference" />
    <attr name="adComponentAuthenticationFontDescription" format="reference" />
    <attr name="adComponentAuthenticationFontTimer" format="reference" />
    <attr name="adComponentTabswitchSpacingVertical" format="dimension" />
    <attr name="adComponentTabswitchSpacingHorizontal" format="dimension" />
    <attr name="adComponentTabswitchColorBgOn" format="color" />
    <attr name="adComponentTabswitchColorLabelOn" format="color" />
    <attr name="adComponentTabswitchColorLabelOff" format="color" />
    <attr name="adComponentTabswitchBorderRadius" format="dimension" />
    <attr name="adComponentTabswitchFontLabel" format="reference" />
    <attr name="adComponentStepperColorCircleActive" format="color" />
    <attr name="adComponentStepperColorCircleInactive" format="color" />
    <attr name="adComponentStepperColorCircleSuccess" format="color" />
    <attr name="adComponentStepperColorCircleFailed" format="color" />
    <attr name="adComponentStepperColorIcon" format="color" />
    <attr name="adComponentStepperColorConnector" format="color" />
    <attr name="adComponentStepperColorTextNumber" format="color" />
    <attr name="adComponentStepperColorTextDescription" format="color" />
    <attr name="adComponentStepperColorTextTitle" format="color" />
    <attr name="adComponentStepperColorProgress" format="color" />
    <attr name="adComponentStepperFontNumber" format="reference" />
    <attr name="adComponentStepperFontDescription" format="reference" />
    <attr name="adComponentStepperFontTitle" format="reference" />
    <attr name="adComponentStepperSpacingTextHorizontal" format="dimension" />
    <attr name="adComponentStepperSpacingTextVertical" format="dimension" />
    <attr name="adComponentStepperSpacingBadgeVertical" format="dimension" />
    <attr name="adComponentStepperGapConnector" format="dimension" />
    <attr name="adComponentStepperGapDescription" format="dimension" />
    <attr name="adComponentStepperConnectorTop" format="dimension" />
    <attr name="adComponentPaginationGapPage" format="dimension" />
    <attr name="adComponentPaginationColorActive" format="color" />
    <attr name="adComponentPaginationColorInactive" format="color" />
    <attr name="adComponentHighlightsSpacingRowGap" format="dimension" />
    <attr name="adComponentHighlightsSpacingPaddingVertical" format="dimension" />
    <attr name="adComponentHighlightsSpacingPaddingHorizontal" format="dimension" />
    <attr name="adComponentHighlightsSpacingContentGap" format="dimension" />
    <attr name="adComponentNotificationsSpacingContentHorizontal" format="dimension" />
    <attr name="adComponentNotificationsSpacingContentVertical" format="dimension" />
    <attr name="adComponentNotificationsSpacingIconsHorizontalLeft" format="dimension" />
    <attr name="adComponentNotificationsSpacingIconsHorizontalRight" format="dimension" />
    <attr name="adComponentNotificationsSpacingIconsVertical" format="dimension" />
    <attr name="adComponentNotificationsGapVertical" format="dimension" />
    <attr name="adComponentNotificationsGapHorizontalBadge" format="dimension" />
    <attr name="adComponentNotificationsGapHorizontalTimestamp" format="dimension" />
    <attr name="adComponentNotificationsGapHorizontalIcons" format="dimension" />
    <attr name="adComponentNotificationsFontTitle" format="reference" />
    <attr name="adComponentNotificationsFontDescription" format="reference" />
    <attr name="adComponentNotificationsFontTimestamp" format="reference" />
    <attr name="adComponentNotificationsColorContainerSelected" format="color" />
    <attr name="adComponentNotificationsColorTextTitleRead" format="color" />
    <attr name="adComponentNotificationsColorTextTitleUnread" format="color" />
    <attr name="adComponentNotificationsColorTextDescriptionDefault" format="color" />
    <attr name="adComponentNotificationsColorTextTimestampDefault" format="color" />
    <attr name="adComponentNotificationsColorBadgeUnread" format="color" />
    <attr name="adComponentSwipeToDeleteSpacingHorizontal" format="dimension" />
    <attr name="adComponentSwipeToDeleteSpacingVertical" format="dimension" />
    <attr name="adComponentSwipeToDeleteColorContainerDefault" format="color" />
    <attr name="adComponentSwipeToDeleteColorIconDefault" format="color" />
    <attr name="adComponentBannerUtilityColorContainerAlert" format="color" />
    <attr name="adComponentBannerUtilityColorContainerReminder" format="color" />
    <attr name="adComponentBannerUtilityColorContainerPromotional" format="color" />
    <attr name="adComponentBannerUtilityColorContainerInformational" format="color" />
    <attr name="adComponentBannerUtilityColorText" format="color" />
    <attr name="adComponentBannerUtilityFontHeader" format="reference" />
    <attr name="adComponentBannerUtilityFontBody" format="reference" />
    <attr name="adComponentBannerUtilityBorderRadius" format="dimension" />
    <attr name="adComponentBannerUtilitySpacingGap" format="dimension" />
    <attr name="adComponentBannerUtilitySpacingVertical" format="dimension" />
    <attr name="adComponentBannerUtilitySpacingHorizontal" format="dimension" />
    <attr name="adComponentTitlerowsSpacingHorizontal" format="dimension" />
    <attr name="adComponentTitlerowsSpacingVertical" format="dimension" />
    <attr name="adComponentTitlerowsGapHorizontal" format="dimension" />
    <attr name="adComponentTitlerowsBorderRadiusStandard" format="dimension" />
    <attr name="adComponentTitlerowsBorderRadiusIncard" format="dimension" />
    <attr name="adComponentTitlerowsColorContainer" format="color" />
    <attr name="adComponentTitlerowsColorTextTitle" format="color" />
    <attr name="adComponentTitlerowsColorTextDescription" format="color" />
    <attr name="adComponentTitlerowsFontTitleLarge" format="reference" />
    <attr name="adComponentTitlerowsFontTitleSmall" format="reference" />
    <attr name="adComponentTitlerowsFontDescriptionLarge" format="reference" />
    <attr name="adComponentTitlerowsFontDescriptionSmall" format="reference" />
    <attr name="adComponentProductpaletteColorTextDefault" format="color" />
    <attr name="adComponentProductpaletteColorTextDisabled" format="color" />
    <attr name="adComponentProductpaletteSpacingGap" format="dimension" />
    <attr name="adComponentProductpaletteSpacingVertical" format="dimension" />
    <attr name="adComponentProductpaletteSpacingHorizontal" format="dimension" />
    <attr name="adComponentProductpaletteSpacingPadding" format="dimension" />
    <attr name="adComponentProductpaletteFontLabel" format="reference" />
    <attr name="adComponentSliderHandleBorderRadius" format="dimension" />
    <attr name="adComponentSliderColorHandleDefault" format="color" />
    <attr name="adComponentSliderColorHandleSelected" format="color" />
    <attr name="adComponentSliderColorHandleShadow" format="color" />
    <attr name="adComponentSliderColorHandleBorder" format="color" />
    <attr name="adComponentSliderColorTrackActive" format="color" />
    <attr name="adComponentSliderColorTrackInactive" format="color" />
    <attr name="adComponentSliderColorTextLegendValue" format="color" />
    <attr name="adComponentSliderColorTextLegendUnit" format="color" />
    <attr name="adComponentSliderColorTextInputSecondaryPrefix" format="color" />
    <attr name="adComponentSliderColorTextInputSecondaryValue" format="color" />
    <attr name="adComponentSliderFontInputSecondaryPrefix" format="reference" />
    <attr name="adComponentSliderFontInputSecondaryValue" format="reference" />
    <attr name="adComponentSliderFontLegendValue" format="reference" />
    <attr name="adComponentSliderFontLegendUnit" format="reference" />
    <attr name="adComponentSliderGapVertical" format="dimension" />
    <attr name="adComponentSliderGapSecondaryHorizontal" format="dimension" />
    <attr name="adComponentSliderGapLegendVertical" format="dimension" />
    <attr name="adComponentSliderSpacingVerticalTop" format="dimension" />
    <attr name="adComponentSliderSpacingVerticalBottom" format="dimension" />
    <attr name="adComponentSliderSpacingHorizontalLeft" format="dimension" />
    <attr name="adComponentSliderSpacingHorizontalRight" format="dimension" />
    <attr name="adComponentA" format="color" />
</resources>