<?xml version="1.0" encoding="utf-8" ?>

<!-- THIS FILE IS AUTO-GENERATED. PLEASE DO NOT EDIT IT MANUALLY.
Last generated on 21/09/2023 9:22:27 am
-->

<resources>
    <color name="ad_mb_ashblue75_solid">#567180</color>
    <color name="ad_mb_ashblue100_solid">#3D525D</color>
    <color name="ad_mb_ashblue200_solid">#2D3D45</color>
    <color name="ad_mb_ocbcred_solid">#E30613</color>
    <color name="ad_mb_royalblue100_solid">#005EFD</color>
    <color name="ad_mb_royalblue200_solid">#254FA6</color>
    <color name="ad_mb_cornflowerblue100_solid">#4957D2</color>
    <color name="ad_mb_sands100_solid">#FAF9F7</color>
    <color name="ad_mb_sands200_solid">#F4F2F1</color>
    <color name="ad_mb_cloudygrey200_solid">#F6F6F6</color>
    <color name="ad_mb_cloudygrey100_solid">#FAFAFA</color>
    <color name="ad_mb_warm100_solid">#F2EEEB</color>
    <color name="ad_mb_warm00_solid">#E7E3DE</color>
    <color name="ad_mb_white_solid">#FFFFFF</color>
    <color name="ad_mb_neutral100_solid">#F7F9FA</color>
    <color name="ad_mb_neutral200_solid">#E2E7EC</color>
    <color name="ad_mb_neutral300_solid">#D3DAE1</color>
    <color name="ad_mb_neutral400_solid">#B1B8C5</color>
    <color name="ad_mb_neutral500_solid">#97A1AE</color>
    <color name="ad_mb_neutral600_solid">#777E87</color>
    <color name="ad_mb_neutral700_solid">#575D65</color>
    <color name="ad_mb_neutral800_solid">#363B40</color>
    <color name="ad_mb_alert100_solid">#FFF3E7</color>
    <color name="ad_mb_alertVariant100_solid">#FF9901</color>
    <color name="ad_mb_success100_solid">#E0F0ED</color>
    <color name="ad_mb_successVariant100_solid">#319988</color>
    <color name="ad_mb_error100_solid">#FFE3E1</color>
    <color name="ad_mb_errorVariant100_solid">#ED5347</color>
    <color name="ad_frlight_skye100_solid">#FFFFFF</color>
    <color name="ad_frlight_skye200_solid">#FAF9F7</color>
    <color name="ad_frlight_moodyblue100_solid">#7278CF</color>
    <color name="ad_frlight_moodyblue50_solid">#9FA5F1</color>
    <color name="ad_frlight_mandarin100_solid">#FF7445</color>
    <color name="ad_frlight_orange50_solid">#FF8E60</color>
    <color name="ad_frlight_carnation100_solid">#F26565</color>
    <color name="ad_frlight_salmon100_solid">#FF806A</color>
    <color name="ad_frlight_ocbcred_solid">#E30613</color>
    <color name="ad_frlight_alert200_solid">#FFECC7</color>
    <color name="ad_frlight_alertVariant200_solid">#FFB320</color>
    <color name="ad_frlight_error200_solid">#F67979</color>
    <color name="ad_frlight_errorVariant200_solid">#E95555</color>
    <color name="ad_frlight_success200_solid">#90D5BA</color>
    <color name="ad_frlight_successVariant200_solid">#59C098</color>
    <color name="ad_frlight_sand50_solid">#F4F2F1</color>
    <color name="ad_frlight_sand75_solid">#EDEAE8</color>
    <color name="ad_frlight_sand100_solid">#DBD9D8</color>
    <color name="ad_frlight_sand200_solid">#C3C1C0</color>
    <color name="ad_frlight_sand300_solid">#AAA9A8</color>
    <color name="ad_frlight_sand400_solid">#929190</color>
    <color name="ad_frlight_sand500_solid">#7A797B</color>
    <color name="ad_frlight_sand600_solid">#494848</color>
    <color name="ad_frlight_sand700_solid">#303030</color>
    <color name="ad_frlight_sand800_solid">#181818</color>
    <color name="ad_frlight_cashmere100_solid">#E4B299</color>
    <color name="ad_frlight_cashmere50_solid">#FFD4A7</color>
    <color name="ad_frlight_powderblue100_solid">#92DBDA</color>
    <color name="ad_frlight_powderblue50_solid">#BAE8E8</color>
    <color name="ad_frlight_violet100_solid">#7B4BCD</color>
    <color name="ad_frlight_violet50_solid">#894AF6</color>
    <color name="ad_frlight_violet25_solid">#B78DFF</color>
    <color name="ad_frlight_calamansi100_solid">#C0F022</color>
    <color name="ad_frlight_calamansi50_solid">#DCF783</color>
    <color name="ad_frlight_mauve100_solid">#C59C9C</color>
    <color name="ad_frlight_mauve50_solid">#D9B5BF</color>
    <color name="ad_frdark_atlas100_solid">#1B2339</color>
    <color name="ad_frdark_atlas200_solid">#151C2D</color>
    <color name="ad_frdark_cornflower100_solid">#6166FF</color>
    <color name="ad_frdark_cornflower50_solid">#7B7FF8</color>
    <color name="ad_frdark_orange100_solid">#FF803D</color>
    <color name="ad_frdark_orange50_solid">#FF8E60</color>
    <color name="ad_frdark_salmon100_solid">#FF806A</color>
    <color name="ad_frdark_salmon50_solid">#FFB38E</color>
    <color name="ad_frdark_ocbcred_solid">#E30613</color>
    <color name="ad_frdark_alert300_solid">#FFDC99</color>
    <color name="ad_frdark_alertVariant300_solid">#FFCB66</color>
    <color name="ad_frdark_error300_solid">#F67979</color>
    <color name="ad_frdark_errorVariant300_solid">#FF5959</color>
    <color name="ad_frdark_success300_solid">#6DDDB1</color>
    <color name="ad_frdark_successVariant300_solid">#39D095</color>
    <color name="ad_frdark_cashmere100_solid">#E4B299</color>
    <color name="ad_frdark_cashmere50_solid">#FFD4A7</color>
    <color name="ad_frdark_mandy100_solid">#F05784</color>
    <color name="ad_frdark_mandy50_solid">#FF7786</color>
    <color name="ad_frdark_steel50_solid">#FFFFFF</color>
    <color name="ad_frdark_steel75_solid">#E8E9EB</color>
    <color name="ad_frdark_steel100_solid">#D1D3D7</color>
    <color name="ad_frdark_steel200_solid">#BABDC3</color>
    <color name="ad_frdark_steel300_solid">#A3A7AF</color>
    <color name="ad_frdark_steel400_solid">#8D919C</color>
    <color name="ad_frdark_steel500_solid">#767B88</color>
    <color name="ad_frdark_steel600_solid">#484E60</color>
    <color name="ad_frdark_steel700_solid">#31384C</color>
    <color name="ad_frdark_steel800_solid">#0F1420</color>
    <color name="ad_frdark_royal100_solid">#4B39BF</color>
    <color name="ad_frdark_royal50_solid">#8263FF</color>
    <color name="ad_frdark_royal25_solid">#A094F1</color>
    <color name="ad_frdark_lime100_solid">#C3F25A</color>
    <color name="ad_frdark_lime50_solid">#DBFF8B</color>
    <color name="ad_frdark_chestnut100_solid">#A18C92</color>
    <color name="ad_frdark_chestut50_solid">#C3ADAD</color>
    <color name="ad_bb_white_solid">#FFFFFF</color>
    <color name="ad_bb_offWhite_solid">#F5F5F5</color>
    <color name="ad_bb_grey25_solid">#F8FBFB</color>
    <color name="ad_bb_grey50_solid">#F2F5F6</color>
    <color name="ad_bb_grey100_solid">#DCE2E5</color>
    <color name="ad_bb_grey200_solid">#D7DADC</color>
    <color name="ad_bb_grey300_solid">#BEC2C5</color>
    <color name="ad_bb_grey400_solid">#A4ABB1</color>
    <color name="ad_bb_grey500_solid">#7D909B</color>
    <color name="ad_bb_grey600_solid">#6B8592</color>
    <color name="ad_bb_grey700_solid">#5A707B</color>
    <color name="ad_bb_grey800_solid">#4A5C65</color>
    <color name="ad_bb_grey900_solid">#39474E</color>
    <color name="ad_bb_dark_solid">#333333</color>
    <color name="ad_bb_ocbcRed_solid">#E03C32</color>
    <color name="ad_bb_blue900_solid">#0084FF</color>
    <color name="ad_bb_navy900_solid">#005AAE</color>
    <color name="ad_bb_navy100_solid">#E3E9F4</color>
    <color name="ad_bb_green100_solid">#E0F0ED</color>
    <color name="ad_bb_green900_solid">#319988</color>
    <color name="ad_bb_yellow100_solid">#FDF7EA</color>
    <color name="ad_bb_yellow900_solid">#F5A623</color>
    <color name="ad_bb_red100_solid">#FFE3E1</color>
    <color name="ad_bb_red900_solid">#E30613</color>
    <color name="ad_white_B2">#B2FFFFFF</color>
    <color name="ad_neutral800_CC">#CC363B40</color>
    <color name="ad_neutral100_BF">#BFF7F9FA</color>
    <color name="ad_neutral300_BF">#BFD3DAE1</color>
    <color name="ad_white_66">#66FFFFFF</color>
    <color name="ad_ashblue200_99">#992D3D45</color>
    <color name="ad_white_7F">#7FFFFFFF</color>
    <color name="ad_royalblue100_28">#28005EFD</color>
    <color name="ad_neutral400_0F">#0FB1B8C5</color>
    <color name="ad_white_00">#00FFFFFF</color>
    <color name="ad_royalblue100_00">#00005EFD</color>
    <color name="ad_ashblue100_99">#993D525D</color>
    <color name="ad_sand800_B2">#B2181818</color>
    <color name="ad_sand100_E5">#E5DBD9D8</color>
    <color name="ad_successVariant200_E5">#E559C098</color>
    <color name="ad_errorVariant200_E5">#E5E95555</color>
    <color name="ad_moodyblue100_E5">#E57278CF</color>
    <color name="ad_sand200_66">#66C3C1C0</color>
    <color name="ad_sand50_66">#66F4F2F1</color>
    <color name="ad_orange50_66">#66FF8E60</color>
    <color name="ad_skye100_66">#66FFFFFF</color>
    <color name="ad_moodyblue50_66">#669FA5F1</color>
    <color name="ad_sand300_3D">#3DAAA9A8</color>
    <color name="ad_sand75_0A">#0AEDEAE8</color>
    <color name="ad_skye100_00">#00FFFFFF</color>
    <color name="ad_sand200_33">#33C3C1C0</color>
    <color name="ad_skye100_7F">#7FFFFFFF</color>
    <color name="ad_moodyblue100_99">#997278CF</color>
    <color name="ad_grey200_7F">#7FD7DADC</color>
    <color name="ad_grey900_BF">#BF39474E</color>
</resources>