<?xml version="1.0" encoding="utf-8" ?>

<!-- THIS FILE IS AUTO-GENERATED. PLEASE DO NOT EDIT IT MANUALLY.
Last generated on 24/08/2023 11:30:14 am
-->

<resources>
    <dimen name="ad_lineHeight_xBig">48dp</dimen>
    <dimen name="ad_lineHeight_big">40dp</dimen>
    <dimen name="ad_lineHeight_xxl">32dp</dimen>
    <dimen name="ad_lineHeight_xl">28dp</dimen>
    <dimen name="ad_lineHeight_l">24dp</dimen>
    <dimen name="ad_lineHeight_m">20dp</dimen>
    <dimen name="ad_lineHeight_s">16dp</dimen>
    <dimen name="ad_lineHeight_xs">14dp</dimen>
    <dimen name="ad_lineHeight_xxs">12dp</dimen>

    <dimen name="ad_borderWidth_s">1dp</dimen>
    <dimen name="ad_borderWidth_m">2dp</dimen>

    <dimen name="ad_borderRadius_xs">2dp</dimen>
    <dimen name="ad_borderRadius_s">4dp</dimen>
    <dimen name="ad_borderRadius_m">8dp</dimen>
    <dimen name="ad_borderRadius_ml">12dp</dimen>
    <dimen name="ad_borderRadius_l">16dp</dimen>
    <dimen name="ad_borderRadius_big">20dp</dimen>
    <dimen name="ad_borderRadius_xl">24dp</dimen>
    <dimen name="ad_borderRadius_xxl">32dp</dimen>
    <dimen name="ad_borderRadius_none">0dp</dimen>

    <dimen name="ad_fontSize_xxxs">10sp</dimen>
    <dimen name="ad_fontSize_xxs">12sp</dimen>
    <dimen name="ad_fontSize_xs">14sp</dimen>
    <dimen name="ad_fontSize_s">16sp</dimen>
    <dimen name="ad_fontSize_m">18sp</dimen>
    <dimen name="ad_fontSize_l">20sp</dimen>
    <dimen name="ad_fontSize_xl">24sp</dimen>
    <dimen name="ad_fontSize_xxl">26sp</dimen>
    <dimen name="ad_fontSize_xxxl">32sp</dimen>
    <dimen name="ad_fontSize_big">40sp</dimen>

    <dimen name="ad_letterSpacing_none">0</dimen>
    <dimen name="ad_letterSpacing_s">0.0625</dimen>

    <dimen name="ad_paragraphSpacing_none">0dp</dimen>

    <dimen name="ad_space_none">0dp</dimen>
    <dimen name="ad_space_xxxxs">2dp</dimen>
    <dimen name="ad_space_xxxs">4dp</dimen>
    <dimen name="ad_space_xxs">8dp</dimen>
    <dimen name="ad_space_xs">12dp</dimen>
    <dimen name="ad_space_s">16dp</dimen>
    <dimen name="ad_space_ms">20dp</dimen>
    <dimen name="ad_space_m">24dp</dimen>
    <dimen name="ad_space_l">32dp</dimen>
    <dimen name="ad_space_xl">40dp</dimen>
    <dimen name="ad_space_xxl">48dp</dimen>
    <dimen name="ad_space_xxxl">56dp</dimen>
    <dimen name="ad_space_xxxxl">64dp</dimen>
    <dimen name="ad_space_big">80dp</dimen>
    <dimen name="ad_space_xBig">96dp</dimen>
    <dimen name="ad_space_xxBig">160dp</dimen>

    <dimen name="ad_size_xxs">4dp</dimen>
    <dimen name="ad_size_xs">8dp</dimen>
    <dimen name="ad_size_s">16dp</dimen>
    <dimen name="ad_size_m">24dp</dimen>
    <dimen name="ad_size_ml">32dp</dimen>
    <dimen name="ad_size_l">40dp</dimen>
    <dimen name="ad_size_xl">48dp</dimen>
</resources>