<?xml version="1.0" encoding="utf-8" ?>

<!-- THIS FILE IS AUTO-GENERATED. PLEASE DO NOT EDIT IT MANUALLY.
Last generated on 21/09/2023 9:22:27 am
-->

<resources>
    <style name="ADMbOpensansH3Bold">
        <item name="fontFamily">@font/opensans_bold</item>
        <item name="android:textSize">@dimen/ad_fontSize_l</item>
        <item name="android:lineSpacingMultiplier">0</item>
        <item name="android:lineSpacingExtra">@dimen/ad_lineHeight_xl</item>
        <item name="android:letterSpacing">@dimen/ad_letterSpacing_none</item>
    </style>
    <style name="ADMbOpensansH3Regular">
        <item name="fontFamily">@font/opensans_regular</item>
        <item name="android:textSize">@dimen/ad_fontSize_l</item>
        <item name="android:lineSpacingMultiplier">0</item>
        <item name="android:lineSpacingExtra">@dimen/ad_lineHeight_xl</item>
        <item name="android:letterSpacing">@dimen/ad_letterSpacing_none</item>
    </style>
    <style name="ADMbOpensansH4Bold">
        <item name="fontFamily">@font/opensans_bold</item>
        <item name="android:textSize">@dimen/ad_fontSize_s</item>
        <item name="android:lineSpacingMultiplier">0</item>
        <item name="android:lineSpacingExtra">@dimen/ad_lineHeight_l</item>
        <item name="android:letterSpacing">@dimen/ad_letterSpacing_none</item>
    </style>
    <style name="ADMbOpensansH4Semibold">
        <item name="fontFamily">@font/opensans_semibold</item>
        <item name="android:textSize">@dimen/ad_fontSize_s</item>
        <item name="android:lineSpacingMultiplier">0</item>
        <item name="android:lineSpacingExtra">@dimen/ad_lineHeight_l</item>
        <item name="android:letterSpacing">@dimen/ad_letterSpacing_none</item>
    </style>
    <style name="ADMbOpensansH4Regular">
        <item name="fontFamily">@font/opensans_regular</item>
        <item name="android:textSize">@dimen/ad_fontSize_s</item>
        <item name="android:lineSpacingMultiplier">0</item>
        <item name="android:lineSpacingExtra">@dimen/ad_lineHeight_l</item>
        <item name="android:letterSpacing">@dimen/ad_letterSpacing_none</item>
    </style>
    <style name="ADMbOpensansH5Bold">
        <item name="fontFamily">@font/opensans_bold</item>
        <item name="android:textSize">@dimen/ad_fontSize_xs</item>
        <item name="android:lineSpacingMultiplier">0</item>
        <item name="android:lineSpacingExtra">@dimen/ad_lineHeight_m</item>
        <item name="android:letterSpacing">@dimen/ad_letterSpacing_none</item>
    </style>
    <style name="ADMbOpensansH5Semibold">
        <item name="fontFamily">@font/opensans_semibold</item>
        <item name="android:textSize">@dimen/ad_fontSize_xs</item>
        <item name="android:lineSpacingMultiplier">0</item>
        <item name="android:lineSpacingExtra">@dimen/ad_lineHeight_m</item>
        <item name="android:letterSpacing">@dimen/ad_letterSpacing_none</item>
    </style>
    <style name="ADMbOpensansH5Regular">
        <item name="fontFamily">@font/opensans_regular</item>
        <item name="android:textSize">@dimen/ad_fontSize_xs</item>
        <item name="android:lineSpacingMultiplier">0</item>
        <item name="android:lineSpacingExtra">@dimen/ad_lineHeight_m</item>
        <item name="android:letterSpacing">@dimen/ad_letterSpacing_none</item>
    </style>
    <style name="ADMbOpensansH1Bold">
        <item name="fontFamily">@font/opensans_bold</item>
        <item name="android:textSize">@dimen/ad_fontSize_xxl</item>
        <item name="android:lineSpacingMultiplier">0</item>
        <item name="android:lineSpacingExtra">@dimen/ad_lineHeight_big</item>
        <item name="android:letterSpacing">@dimen/ad_letterSpacing_none</item>
    </style>
    <style name="ADMbOpensansH1Semibold">
        <item name="fontFamily">@font/opensans_semibold</item>
        <item name="android:textSize">@dimen/ad_fontSize_xxl</item>
        <item name="android:lineSpacingMultiplier">0</item>
        <item name="android:lineSpacingExtra">@dimen/ad_lineHeight_big</item>
        <item name="android:letterSpacing">@dimen/ad_letterSpacing_none</item>
    </style>
    <style name="ADMbOpensansH1Regular">
        <item name="fontFamily">@font/opensans_regular</item>
        <item name="android:textSize">@dimen/ad_fontSize_xxl</item>
        <item name="android:lineSpacingMultiplier">0</item>
        <item name="android:lineSpacingExtra">@dimen/ad_lineHeight_big</item>
        <item name="android:letterSpacing">@dimen/ad_letterSpacing_none</item>
    </style>
    <style name="ADMbOpensansH2Bold">
        <item name="fontFamily">@font/opensans_bold</item>
        <item name="android:textSize">@dimen/ad_fontSize_xl</item>
        <item name="android:lineSpacingMultiplier">0</item>
        <item name="android:lineSpacingExtra">@dimen/ad_lineHeight_xxl</item>
        <item name="android:letterSpacing">@dimen/ad_letterSpacing_none</item>
    </style>
    <style name="ADMbOpensansH2Semibold">
        <item name="fontFamily">@font/opensans_semibold</item>
        <item name="android:textSize">@dimen/ad_fontSize_xl</item>
        <item name="android:lineSpacingMultiplier">0</item>
        <item name="android:lineSpacingExtra">@dimen/ad_lineHeight_xxl</item>
        <item name="android:letterSpacing">@dimen/ad_letterSpacing_none</item>
    </style>
    <style name="ADMbOpensansH2Regular">
        <item name="fontFamily">@font/opensans_regular</item>
        <item name="android:textSize">@dimen/ad_fontSize_xl</item>
        <item name="android:lineSpacingMultiplier">0</item>
        <item name="android:lineSpacingExtra">@dimen/ad_lineHeight_xxl</item>
        <item name="android:letterSpacing">@dimen/ad_letterSpacing_none</item>
    </style>
    <style name="ADMbOpensansH3Semibold">
        <item name="fontFamily">@font/opensans_semibold</item>
        <item name="android:textSize">@dimen/ad_fontSize_l</item>
        <item name="android:lineSpacingMultiplier">0</item>
        <item name="android:lineSpacingExtra">@dimen/ad_lineHeight_xl</item>
        <item name="android:letterSpacing">@dimen/ad_letterSpacing_none</item>
    </style>
    <style name="ADMbOpensansH6Regular">
        <item name="fontFamily">@font/opensans_regular</item>
        <item name="android:textSize">@dimen/ad_fontSize_xxs</item>
        <item name="android:lineSpacingMultiplier">0</item>
        <item name="android:lineSpacingExtra">@dimen/ad_lineHeight_s</item>
        <item name="android:letterSpacing">@dimen/ad_letterSpacing_none</item>
    </style>
    <style name="ADMbOpensansH6Semibold">
        <item name="fontFamily">@font/opensans_semibold</item>
        <item name="android:textSize">@dimen/ad_fontSize_xxs</item>
        <item name="android:lineSpacingMultiplier">0</item>
        <item name="android:lineSpacingExtra">@dimen/ad_lineHeight_s</item>
        <item name="android:letterSpacing">@dimen/ad_letterSpacing_none</item>
    </style>
    <style name="ADMbOpensansH6Bold">
        <item name="fontFamily">@font/opensans_bold</item>
        <item name="android:textSize">@dimen/ad_fontSize_xxs</item>
        <item name="android:lineSpacingMultiplier">0</item>
        <item name="android:lineSpacingExtra">@dimen/ad_lineHeight_s</item>
        <item name="android:letterSpacing">@dimen/ad_letterSpacing_none</item>
    </style>
    <style name="ADMbOpensansH7Regular">
        <item name="fontFamily">@font/opensans_regular</item>
        <item name="android:textSize">@dimen/ad_fontSize_xxxs</item>
        <item name="android:lineSpacingMultiplier">0</item>
        <item name="android:lineSpacingExtra">@dimen/ad_lineHeight_xs</item>
        <item name="android:letterSpacing">@dimen/ad_letterSpacing_none</item>
    </style>
    <style name="ADMbOpensansH7Semibold">
        <item name="fontFamily">@font/opensans_semibold</item>
        <item name="android:textSize">@dimen/ad_fontSize_xxxs</item>
        <item name="android:lineSpacingMultiplier">0</item>
        <item name="android:lineSpacingExtra">@dimen/ad_lineHeight_xs</item>
        <item name="android:letterSpacing">@dimen/ad_letterSpacing_none</item>
    </style>
    <style name="ADMbOpensansH7Bold">
        <item name="fontFamily">@font/opensans_bold</item>
        <item name="android:textSize">@dimen/ad_fontSize_xxxs</item>
        <item name="android:lineSpacingMultiplier">0</item>
        <item name="android:lineSpacingExtra">@dimen/ad_lineHeight_xs</item>
        <item name="android:letterSpacing">@dimen/ad_letterSpacing_none</item>
    </style>
    <style name="ADMbOpensansEyebrow1Semibold">
        <item name="fontFamily">@font/opensans_semibold</item>
        <item name="android:textSize">@dimen/ad_fontSize_xxs</item>
        <item name="android:lineSpacingMultiplier">0</item>
        <item name="android:lineSpacingExtra">@dimen/ad_lineHeight_s</item>
        <item name="android:letterSpacing">@dimen/ad_letterSpacing_none</item>
        <item name="textAllCaps">true</item>
        <item name="android:textAllCaps">true</item>
    </style>
    <style name="ADMbOpensansEyebrow1Bold">
        <item name="fontFamily">@font/opensans_bold</item>
        <item name="android:textSize">@dimen/ad_fontSize_xxs</item>
        <item name="android:lineSpacingMultiplier">0</item>
        <item name="android:lineSpacingExtra">@dimen/ad_lineHeight_s</item>
        <item name="android:letterSpacing">@dimen/ad_letterSpacing_none</item>
        <item name="textAllCaps">true</item>
        <item name="android:textAllCaps">true</item>
    </style>
    <style name="ADMbGeomanistH1Medium">
        <item name="fontFamily">@font/geomanist_medium</item>
        <item name="android:textSize">@dimen/ad_fontSize_l</item>
        <item name="android:lineSpacingMultiplier">0</item>
        <item name="android:lineSpacingExtra">@dimen/ad_lineHeight_l</item>
        <item name="android:letterSpacing">@dimen/ad_letterSpacing_none</item>
    </style>
    <style name="ADMbGeomanistH2Medium">
        <item name="fontFamily">@font/geomanist_medium</item>
        <item name="android:textSize">@dimen/ad_fontSize_xs</item>
        <item name="android:lineSpacingMultiplier">0</item>
        <item name="android:lineSpacingExtra">@dimen/ad_lineHeight_m</item>
        <item name="android:letterSpacing">@dimen/ad_letterSpacing_none</item>
    </style>
    <style name="ADMbGeomanistH3Semibold">
        <item name="fontFamily">@font/geomanist_book</item>
        <item name="android:textSize">@dimen/ad_fontSize_xxs</item>
        <item name="android:lineSpacingMultiplier">0</item>
        <item name="android:lineSpacingExtra">@dimen/ad_lineHeight_s</item>
        <item name="android:letterSpacing">@dimen/ad_letterSpacing_none</item>
    </style>
    <style name="ADFrRobotoH1Medium">
        <item name="fontFamily">@font/roboto_medium</item>
        <item name="android:textSize">@dimen/ad_fontSize_big</item>
        <item name="android:lineSpacingMultiplier">0</item>
        <item name="android:lineSpacingExtra">@dimen/ad_lineHeight_xBig</item>
        <item name="android:letterSpacing">@dimen/ad_letterSpacing_none</item>
    </style>
    <style name="ADFrRobotoH1Regular">
        <item name="fontFamily">@font/roboto_regular</item>
        <item name="android:textSize">@dimen/ad_fontSize_big</item>
        <item name="android:lineSpacingMultiplier">0</item>
        <item name="android:lineSpacingExtra">@dimen/ad_lineHeight_xBig</item>
        <item name="android:letterSpacing">@dimen/ad_letterSpacing_none</item>
    </style>
    <style name="ADFrRobotoH1Light">
        <item name="fontFamily">@font/roboto_light</item>
        <item name="android:textSize">@dimen/ad_fontSize_big</item>
        <item name="android:lineSpacingMultiplier">0</item>
        <item name="android:lineSpacingExtra">@dimen/ad_lineHeight_xBig</item>
        <item name="android:letterSpacing">@dimen/ad_letterSpacing_none</item>
    </style>
    <style name="ADFrRobotoH2Medium">
        <item name="fontFamily">@font/roboto_medium</item>
        <item name="android:textSize">@dimen/ad_fontSize_xxxl</item>
        <item name="android:lineSpacingMultiplier">0</item>
        <item name="android:lineSpacingExtra">@dimen/ad_lineHeight_big</item>
        <item name="android:letterSpacing">@dimen/ad_letterSpacing_none</item>
    </style>
    <style name="ADFrRobotoH2Regular">
        <item name="fontFamily">@font/roboto_regular</item>
        <item name="android:textSize">@dimen/ad_fontSize_xxxl</item>
        <item name="android:lineSpacingMultiplier">0</item>
        <item name="android:lineSpacingExtra">@dimen/ad_lineHeight_big</item>
        <item name="android:letterSpacing">@dimen/ad_letterSpacing_none</item>
    </style>
    <style name="ADFrRobotoH2Light">
        <item name="fontFamily">@font/roboto_light</item>
        <item name="android:textSize">@dimen/ad_fontSize_xxxl</item>
        <item name="android:lineSpacingMultiplier">0</item>
        <item name="android:lineSpacingExtra">@dimen/ad_lineHeight_big</item>
        <item name="android:letterSpacing">@dimen/ad_letterSpacing_none</item>
    </style>
    <style name="ADFrRobotoH3Medium">
        <item name="fontFamily">@font/roboto_medium</item>
        <item name="android:textSize">@dimen/ad_fontSize_xl</item>
        <item name="android:lineSpacingMultiplier">0</item>
        <item name="android:lineSpacingExtra">@dimen/ad_lineHeight_xxl</item>
        <item name="android:letterSpacing">@dimen/ad_letterSpacing_none</item>
    </style>
    <style name="ADFrRobotoH3Regular">
        <item name="fontFamily">@font/roboto_regular</item>
        <item name="android:textSize">@dimen/ad_fontSize_xl</item>
        <item name="android:lineSpacingMultiplier">0</item>
        <item name="android:lineSpacingExtra">@dimen/ad_lineHeight_xxl</item>
        <item name="android:letterSpacing">@dimen/ad_letterSpacing_none</item>
    </style>
    <style name="ADFrRobotoH3Light">
        <item name="fontFamily">@font/roboto_light</item>
        <item name="android:textSize">@dimen/ad_fontSize_xl</item>
        <item name="android:lineSpacingMultiplier">0</item>
        <item name="android:lineSpacingExtra">@dimen/ad_lineHeight_xxl</item>
        <item name="android:letterSpacing">@dimen/ad_letterSpacing_none</item>
    </style>
    <style name="ADFrRobotoH4Medium">
        <item name="fontFamily">@font/roboto_medium</item>
        <item name="android:textSize">@dimen/ad_fontSize_m</item>
        <item name="android:lineSpacingMultiplier">0</item>
        <item name="android:lineSpacingExtra">@dimen/ad_lineHeight_xl</item>
        <item name="android:letterSpacing">@dimen/ad_letterSpacing_none</item>
    </style>
    <style name="ADFrRobotoH4Regular">
        <item name="fontFamily">@font/roboto_regular</item>
        <item name="android:textSize">@dimen/ad_fontSize_m</item>
        <item name="android:lineSpacingMultiplier">0</item>
        <item name="android:lineSpacingExtra">@dimen/ad_lineHeight_xl</item>
        <item name="android:letterSpacing">@dimen/ad_letterSpacing_none</item>
    </style>
    <style name="ADFrRobotoH4Light">
        <item name="fontFamily">@font/roboto_light</item>
        <item name="android:textSize">@dimen/ad_fontSize_m</item>
        <item name="android:lineSpacingMultiplier">0</item>
        <item name="android:lineSpacingExtra">@dimen/ad_lineHeight_xl</item>
        <item name="android:letterSpacing">@dimen/ad_letterSpacing_none</item>
    </style>
    <style name="ADFrRobotoBody1Bold">
        <item name="fontFamily">@font/roboto_bold</item>
        <item name="android:textSize">@dimen/ad_fontSize_s</item>
        <item name="android:lineSpacingMultiplier">0</item>
        <item name="android:lineSpacingExtra">@dimen/ad_lineHeight_l</item>
        <item name="android:letterSpacing">@dimen/ad_letterSpacing_none</item>
    </style>
    <style name="ADFrRobotoBody1Medium">
        <item name="fontFamily">@font/roboto_medium</item>
        <item name="android:textSize">@dimen/ad_fontSize_s</item>
        <item name="android:lineSpacingMultiplier">0</item>
        <item name="android:lineSpacingExtra">@dimen/ad_lineHeight_l</item>
        <item name="android:letterSpacing">@dimen/ad_letterSpacing_none</item>
    </style>
    <style name="ADFrRobotoBody1Regular">
        <item name="fontFamily">@font/roboto_regular</item>
        <item name="android:textSize">@dimen/ad_fontSize_s</item>
        <item name="android:lineSpacingMultiplier">0</item>
        <item name="android:lineSpacingExtra">@dimen/ad_lineHeight_l</item>
        <item name="android:letterSpacing">@dimen/ad_letterSpacing_none</item>
    </style>
    <style name="ADFrRobotoBody2Bold">
        <item name="fontFamily">@font/roboto_bold</item>
        <item name="android:textSize">@dimen/ad_fontSize_xs</item>
        <item name="android:lineSpacingMultiplier">0</item>
        <item name="android:lineSpacingExtra">@dimen/ad_lineHeight_m</item>
        <item name="android:letterSpacing">@dimen/ad_letterSpacing_none</item>
    </style>
    <style name="ADFrRobotoBody2Medium">
        <item name="fontFamily">@font/roboto_medium</item>
        <item name="android:textSize">@dimen/ad_fontSize_xs</item>
        <item name="android:lineSpacingMultiplier">0</item>
        <item name="android:lineSpacingExtra">@dimen/ad_lineHeight_m</item>
        <item name="android:letterSpacing">@dimen/ad_letterSpacing_none</item>
    </style>
    <style name="ADFrRobotoBody2Regular">
        <item name="fontFamily">@font/roboto_regular</item>
        <item name="android:textSize">@dimen/ad_fontSize_xs</item>
        <item name="android:lineSpacingMultiplier">0</item>
        <item name="android:lineSpacingExtra">@dimen/ad_lineHeight_m</item>
        <item name="android:letterSpacing">@dimen/ad_letterSpacing_none</item>
    </style>
    <style name="ADFrRobotoCaption1Bold">
        <item name="fontFamily">@font/roboto_bold</item>
        <item name="android:textSize">@dimen/ad_fontSize_xxs</item>
        <item name="android:lineSpacingMultiplier">0</item>
        <item name="android:lineSpacingExtra">@dimen/ad_lineHeight_s</item>
        <item name="android:letterSpacing">@dimen/ad_letterSpacing_none</item>
    </style>
    <style name="ADFrRobotoCaption1Medium">
        <item name="fontFamily">@font/roboto_medium</item>
        <item name="android:textSize">@dimen/ad_fontSize_xxs</item>
        <item name="android:lineSpacingMultiplier">0</item>
        <item name="android:lineSpacingExtra">@dimen/ad_lineHeight_s</item>
        <item name="android:letterSpacing">@dimen/ad_letterSpacing_none</item>
    </style>
    <style name="ADFrRobotoCaption1Regular">
        <item name="fontFamily">@font/roboto_regular</item>
        <item name="android:textSize">@dimen/ad_fontSize_xxs</item>
        <item name="android:lineSpacingMultiplier">0</item>
        <item name="android:lineSpacingExtra">@dimen/ad_lineHeight_s</item>
        <item name="android:letterSpacing">@dimen/ad_letterSpacing_none</item>
    </style>
    <style name="ADFrRobotoCaption2Bold">
        <item name="fontFamily">@font/roboto_bold</item>
        <item name="android:textSize">@dimen/ad_fontSize_xxxs</item>
        <item name="android:lineSpacingMultiplier">0</item>
        <item name="android:lineSpacingExtra">@dimen/ad_lineHeight_xs</item>
        <item name="android:letterSpacing">@dimen/ad_letterSpacing_none</item>
    </style>
    <style name="ADFrRobotoCaption2Medium">
        <item name="fontFamily">@font/roboto_medium</item>
        <item name="android:textSize">@dimen/ad_fontSize_xxxs</item>
        <item name="android:lineSpacingMultiplier">0</item>
        <item name="android:lineSpacingExtra">@dimen/ad_lineHeight_xs</item>
        <item name="android:letterSpacing">@dimen/ad_letterSpacing_none</item>
    </style>
    <style name="ADFrRobotoCaption2Regular">
        <item name="fontFamily">@font/roboto_regular</item>
        <item name="android:textSize">@dimen/ad_fontSize_xxxs</item>
        <item name="android:lineSpacingMultiplier">0</item>
        <item name="android:lineSpacingExtra">@dimen/ad_lineHeight_xs</item>
        <item name="android:letterSpacing">@dimen/ad_letterSpacing_none</item>
    </style>
    <style name="ADFrPoppinsH1Light">
        <item name="fontFamily">@font/poppins_light</item>
        <item name="android:textSize">@dimen/ad_fontSize_xxxl</item>
        <item name="android:lineSpacingMultiplier">0</item>
        <item name="android:lineSpacingExtra">@dimen/ad_lineHeight_big</item>
        <item name="android:letterSpacing">@dimen/ad_letterSpacing_none</item>
    </style>
    <style name="ADFrPoppinsH2Medium">
        <item name="fontFamily">@font/poppins_medium</item>
        <item name="android:textSize">@dimen/ad_fontSize_xl</item>
        <item name="android:lineSpacingMultiplier">0</item>
        <item name="android:lineSpacingExtra">@dimen/ad_lineHeight_xxl</item>
        <item name="android:letterSpacing">@dimen/ad_letterSpacing_none</item>
    </style>
    <style name="ADFrPoppinsH2Light">
        <item name="fontFamily">@font/poppins_light</item>
        <item name="android:textSize">@dimen/ad_fontSize_xl</item>
        <item name="android:lineSpacingMultiplier">0</item>
        <item name="android:lineSpacingExtra">@dimen/ad_lineHeight_xxl</item>
        <item name="android:letterSpacing">@dimen/ad_letterSpacing_none</item>
    </style>
    <style name="ADFrPoppinsH3Medium">
        <item name="fontFamily">@font/poppins_medium</item>
        <item name="android:textSize">@dimen/ad_fontSize_m</item>
        <item name="android:lineSpacingMultiplier">0</item>
        <item name="android:lineSpacingExtra">@dimen/ad_lineHeight_l</item>
        <item name="android:letterSpacing">@dimen/ad_letterSpacing_none</item>
    </style>
    <style name="ADFrPoppinsH3Regular">
        <item name="fontFamily">@font/poppins_regular</item>
        <item name="android:textSize">@dimen/ad_fontSize_m</item>
        <item name="android:lineSpacingMultiplier">0</item>
        <item name="android:lineSpacingExtra">@dimen/ad_lineHeight_l</item>
        <item name="android:letterSpacing">@dimen/ad_letterSpacing_none</item>
    </style>
    <style name="ADFrPoppinsH4Medium">
        <item name="fontFamily">@font/poppins_medium</item>
        <item name="android:textSize">@dimen/ad_fontSize_xs</item>
        <item name="android:lineSpacingMultiplier">0</item>
        <item name="android:lineSpacingExtra">@dimen/ad_lineHeight_m</item>
        <item name="android:letterSpacing">@dimen/ad_letterSpacing_none</item>
    </style>
    <style name="ADFrPoppinsH4Regular">
        <item name="fontFamily">@font/poppins_regular</item>
        <item name="android:textSize">@dimen/ad_fontSize_xs</item>
        <item name="android:lineSpacingMultiplier">0</item>
        <item name="android:lineSpacingExtra">@dimen/ad_lineHeight_m</item>
        <item name="android:letterSpacing">@dimen/ad_letterSpacing_none</item>
    </style>
    <style name="ADFrPoppinsCaption1Medium">
        <item name="fontFamily">@font/poppins_medium</item>
        <item name="android:textSize">@dimen/ad_fontSize_xs</item>
        <item name="android:lineSpacingMultiplier">0</item>
        <item name="android:lineSpacingExtra">@dimen/ad_lineHeight_m</item>
        <item name="android:letterSpacing">@dimen/ad_letterSpacing_none</item>
        <item name="textAllCaps">true</item>
        <item name="android:textAllCaps">true</item>
    </style>
    <style name="ADFrPoppinsEyebrow1Semibold">
        <item name="fontFamily">@font/poppins_semibold</item>
        <item name="android:textSize">@dimen/ad_fontSize_xxs</item>
        <item name="android:lineSpacingMultiplier">0</item>
        <item name="android:lineSpacingExtra">@dimen/ad_lineHeight_s</item>
        <item name="android:letterSpacing">@dimen/ad_letterSpacing_s</item>
        <item name="textAllCaps">true</item>
        <item name="android:textAllCaps">true</item>
    </style>
    <style name="ADFrPoppinsEyebrow2Semibold">
        <item name="fontFamily">@font/poppins_semibold</item>
        <item name="android:textSize">@dimen/ad_fontSize_xxxs</item>
        <item name="android:lineSpacingMultiplier">0</item>
        <item name="android:lineSpacingExtra">@dimen/ad_lineHeight_xxs</item>
        <item name="android:letterSpacing">@dimen/ad_letterSpacing_s</item>
        <item name="textAllCaps">true</item>
        <item name="android:textAllCaps">true</item>
    </style>
    <style name="ADBbOpensansH1Bold">
        <item name="fontFamily">@font/opensans_bold</item>
        <item name="android:textSize">@dimen/ad_fontSize_big</item>
        <item name="android:lineSpacingMultiplier">0</item>
        <item name="android:lineSpacingExtra">@dimen/ad_lineHeight_xBig</item>
        <item name="android:letterSpacing">@dimen/ad_letterSpacing_none</item>
    </style>
    <style name="ADBbOpensansH1Semibold">
        <item name="fontFamily">@font/opensans_semibold</item>
        <item name="android:textSize">@dimen/ad_fontSize_big</item>
        <item name="android:lineSpacingMultiplier">0</item>
        <item name="android:lineSpacingExtra">@dimen/ad_lineHeight_xBig</item>
        <item name="android:letterSpacing">@dimen/ad_letterSpacing_none</item>
    </style>
    <style name="ADBbOpensansH1Regular">
        <item name="fontFamily">@font/opensans_regular</item>
        <item name="android:textSize">@dimen/ad_fontSize_big</item>
        <item name="android:lineSpacingMultiplier">0</item>
        <item name="android:lineSpacingExtra">@dimen/ad_lineHeight_xBig</item>
        <item name="android:letterSpacing">@dimen/ad_letterSpacing_none</item>
    </style>
    <style name="ADBbOpensansH2Bold">
        <item name="fontFamily">@font/opensans_bold</item>
        <item name="android:textSize">@dimen/ad_fontSize_xxxl</item>
        <item name="android:lineSpacingMultiplier">0</item>
        <item name="android:lineSpacingExtra">@dimen/ad_lineHeight_xBig</item>
        <item name="android:letterSpacing">@dimen/ad_letterSpacing_none</item>
    </style>
    <style name="ADBbOpensansH2Semibold">
        <item name="fontFamily">@font/opensans_semibold</item>
        <item name="android:textSize">@dimen/ad_fontSize_xxxl</item>
        <item name="android:lineSpacingMultiplier">0</item>
        <item name="android:lineSpacingExtra">@dimen/ad_lineHeight_xBig</item>
        <item name="android:letterSpacing">@dimen/ad_letterSpacing_none</item>
    </style>
    <style name="ADBbOpensansH2Regular">
        <item name="fontFamily">@font/opensans_regular</item>
        <item name="android:textSize">@dimen/ad_fontSize_xxxl</item>
        <item name="android:lineSpacingMultiplier">0</item>
        <item name="android:lineSpacingExtra">@dimen/ad_lineHeight_xBig</item>
        <item name="android:letterSpacing">@dimen/ad_letterSpacing_none</item>
    </style>
    <style name="ADBbOpensansH3Bold">
        <item name="fontFamily">@font/opensans_bold</item>
        <item name="android:textSize">@dimen/ad_fontSize_xxl</item>
        <item name="android:lineSpacingMultiplier">0</item>
        <item name="android:lineSpacingExtra">@dimen/ad_lineHeight_big</item>
        <item name="android:letterSpacing">@dimen/ad_letterSpacing_none</item>
    </style>
    <style name="ADBbOpensansH3Semibold">
        <item name="fontFamily">@font/opensans_semibold</item>
        <item name="android:textSize">@dimen/ad_fontSize_xxl</item>
        <item name="android:lineSpacingMultiplier">0</item>
        <item name="android:lineSpacingExtra">@dimen/ad_lineHeight_big</item>
        <item name="android:letterSpacing">@dimen/ad_letterSpacing_none</item>
    </style>
    <style name="ADBbOpensansH3Regular">
        <item name="fontFamily">@font/opensans_regular</item>
        <item name="android:textSize">@dimen/ad_fontSize_xxl</item>
        <item name="android:lineSpacingMultiplier">0</item>
        <item name="android:lineSpacingExtra">@dimen/ad_lineHeight_big</item>
        <item name="android:letterSpacing">@dimen/ad_letterSpacing_none</item>
    </style>
    <style name="ADBbOpensansH4Bold">
        <item name="fontFamily">@font/opensans_bold</item>
        <item name="android:textSize">@dimen/ad_fontSize_xl</item>
        <item name="android:lineSpacingMultiplier">0</item>
        <item name="android:lineSpacingExtra">@dimen/ad_lineHeight_xxl</item>
        <item name="android:letterSpacing">@dimen/ad_letterSpacing_none</item>
    </style>
    <style name="ADBbOpensansH4Semibold">
        <item name="fontFamily">@font/opensans_semibold</item>
        <item name="android:textSize">@dimen/ad_fontSize_xl</item>
        <item name="android:lineSpacingMultiplier">0</item>
        <item name="android:lineSpacingExtra">@dimen/ad_lineHeight_xxl</item>
        <item name="android:letterSpacing">@dimen/ad_letterSpacing_none</item>
    </style>
    <style name="ADBbOpensansH4Regular">
        <item name="fontFamily">@font/opensans_regular</item>
        <item name="android:textSize">@dimen/ad_fontSize_xl</item>
        <item name="android:lineSpacingMultiplier">0</item>
        <item name="android:lineSpacingExtra">@dimen/ad_lineHeight_xxl</item>
        <item name="android:letterSpacing">@dimen/ad_letterSpacing_none</item>
    </style>
    <style name="ADBbOpensansH5Bold">
        <item name="fontFamily">@font/opensans_bold</item>
        <item name="android:textSize">@dimen/ad_fontSize_l</item>
        <item name="android:lineSpacingMultiplier">0</item>
        <item name="android:lineSpacingExtra">@dimen/ad_lineHeight_xl</item>
        <item name="android:letterSpacing">@dimen/ad_letterSpacing_none</item>
    </style>
    <style name="ADBbOpensansH5Semibold">
        <item name="fontFamily">@font/opensans_semibold</item>
        <item name="android:textSize">@dimen/ad_fontSize_l</item>
        <item name="android:lineSpacingMultiplier">0</item>
        <item name="android:lineSpacingExtra">@dimen/ad_lineHeight_xl</item>
        <item name="android:letterSpacing">@dimen/ad_letterSpacing_none</item>
    </style>
    <style name="ADBbOpensansH5Regular">
        <item name="fontFamily">@font/opensans_regular</item>
        <item name="android:textSize">@dimen/ad_fontSize_l</item>
        <item name="android:lineSpacingMultiplier">0</item>
        <item name="android:lineSpacingExtra">@dimen/ad_lineHeight_xl</item>
        <item name="android:letterSpacing">@dimen/ad_letterSpacing_none</item>
    </style>
    <style name="ADBbOpensansH6Bold">
        <item name="fontFamily">@font/opensans_bold</item>
        <item name="android:textSize">@dimen/ad_fontSize_m</item>
        <item name="android:lineSpacingMultiplier">0</item>
        <item name="android:lineSpacingExtra">@dimen/ad_lineHeight_xl</item>
        <item name="android:letterSpacing">@dimen/ad_letterSpacing_none</item>
    </style>
    <style name="ADBbOpensansH6Semibold">
        <item name="fontFamily">@font/opensans_semibold</item>
        <item name="android:textSize">@dimen/ad_fontSize_m</item>
        <item name="android:lineSpacingMultiplier">0</item>
        <item name="android:lineSpacingExtra">@dimen/ad_lineHeight_xl</item>
        <item name="android:letterSpacing">@dimen/ad_letterSpacing_none</item>
    </style>
    <style name="ADBbOpensansH6Regular">
        <item name="fontFamily">@font/opensans_regular</item>
        <item name="android:textSize">@dimen/ad_fontSize_m</item>
        <item name="android:lineSpacingMultiplier">0</item>
        <item name="android:lineSpacingExtra">@dimen/ad_lineHeight_xl</item>
        <item name="android:letterSpacing">@dimen/ad_letterSpacing_none</item>
    </style>
    <style name="ADBbOpensansBody1Bold">
        <item name="fontFamily">@font/opensans_bold</item>
        <item name="android:textSize">@dimen/ad_fontSize_s</item>
        <item name="android:lineSpacingMultiplier">0</item>
        <item name="android:lineSpacingExtra">@dimen/ad_lineHeight_l</item>
        <item name="android:letterSpacing">@dimen/ad_letterSpacing_none</item>
    </style>
    <style name="ADBbOpensansBody1Semibold">
        <item name="fontFamily">@font/opensans_semibold</item>
        <item name="android:textSize">@dimen/ad_fontSize_s</item>
        <item name="android:lineSpacingMultiplier">0</item>
        <item name="android:lineSpacingExtra">@dimen/ad_lineHeight_l</item>
        <item name="android:letterSpacing">@dimen/ad_letterSpacing_none</item>
    </style>
    <style name="ADBbOpensansBody1Regular">
        <item name="fontFamily">@font/opensans_regular</item>
        <item name="android:textSize">@dimen/ad_fontSize_s</item>
        <item name="android:lineSpacingMultiplier">0</item>
        <item name="android:lineSpacingExtra">@dimen/ad_lineHeight_l</item>
        <item name="android:letterSpacing">@dimen/ad_letterSpacing_none</item>
    </style>
    <style name="ADBbOpensansBody2Bold">
        <item name="fontFamily">@font/opensans_bold</item>
        <item name="android:textSize">@dimen/ad_fontSize_xs</item>
        <item name="android:lineSpacingMultiplier">0</item>
        <item name="android:lineSpacingExtra">@dimen/ad_lineHeight_m</item>
        <item name="android:letterSpacing">@dimen/ad_letterSpacing_none</item>
    </style>
    <style name="ADBbOpensansBody2Semibold">
        <item name="fontFamily">@font/opensans_semibold</item>
        <item name="android:textSize">@dimen/ad_fontSize_xs</item>
        <item name="android:lineSpacingMultiplier">0</item>
        <item name="android:lineSpacingExtra">@dimen/ad_lineHeight_m</item>
        <item name="android:letterSpacing">@dimen/ad_letterSpacing_none</item>
    </style>
    <style name="ADBbOpensansBody2Regular">
        <item name="fontFamily">@font/opensans_regular</item>
        <item name="android:textSize">@dimen/ad_fontSize_xs</item>
        <item name="android:lineSpacingMultiplier">0</item>
        <item name="android:lineSpacingExtra">@dimen/ad_lineHeight_m</item>
        <item name="android:letterSpacing">@dimen/ad_letterSpacing_none</item>
    </style>
    <style name="ADBbOpensansCaption1BoldUppercase">
        <item name="fontFamily">@font/opensans_bold</item>
        <item name="android:textSize">@dimen/ad_fontSize_xxs</item>
        <item name="android:lineSpacingMultiplier">0</item>
        <item name="android:lineSpacingExtra">@dimen/ad_lineHeight_m</item>
        <item name="android:letterSpacing">@dimen/ad_letterSpacing_none</item>
        <item name="textAllCaps">true</item>
        <item name="android:textAllCaps">true</item>
    </style>
    <style name="ADBbOpensansCaption1Bold">
        <item name="fontFamily">@font/opensans_bold</item>
        <item name="android:textSize">@dimen/ad_fontSize_xxs</item>
        <item name="android:lineSpacingMultiplier">0</item>
        <item name="android:lineSpacingExtra">@dimen/ad_lineHeight_m</item>
        <item name="android:letterSpacing">@dimen/ad_letterSpacing_none</item>
    </style>
    <style name="ADBbOpensansCaption1SemiboldUppercase">
        <item name="fontFamily">@font/opensans_semibold</item>
        <item name="android:textSize">@dimen/ad_fontSize_xxs</item>
        <item name="android:lineSpacingMultiplier">0</item>
        <item name="android:lineSpacingExtra">@dimen/ad_lineHeight_m</item>
        <item name="android:letterSpacing">@dimen/ad_letterSpacing_none</item>
        <item name="textAllCaps">true</item>
        <item name="android:textAllCaps">true</item>
    </style>
    <style name="ADBbOpensansCaption1Semibold">
        <item name="fontFamily">@font/opensans_semibold</item>
        <item name="android:textSize">@dimen/ad_fontSize_xxs</item>
        <item name="android:lineSpacingMultiplier">0</item>
        <item name="android:lineSpacingExtra">@dimen/ad_lineHeight_m</item>
        <item name="android:letterSpacing">@dimen/ad_letterSpacing_none</item>
    </style>
    <style name="ADBbOpensansCaption1RegularUppercase">
        <item name="fontFamily">@font/opensans_regular</item>
        <item name="android:textSize">@dimen/ad_fontSize_xxs</item>
        <item name="android:lineSpacingMultiplier">0</item>
        <item name="android:lineSpacingExtra">@dimen/ad_lineHeight_m</item>
        <item name="android:letterSpacing">@dimen/ad_letterSpacing_none</item>
        <item name="textAllCaps">true</item>
        <item name="android:textAllCaps">true</item>
    </style>
    <style name="ADBbOpensansCaption1Regular">
        <item name="fontFamily">@font/opensans_regular</item>
        <item name="android:textSize">@dimen/ad_fontSize_xxs</item>
        <item name="android:lineSpacingMultiplier">0</item>
        <item name="android:lineSpacingExtra">@dimen/ad_lineHeight_m</item>
        <item name="android:letterSpacing">@dimen/ad_letterSpacing_none</item>
    </style>
    <style name="ADBbOpensansCaption2SemiboldUppercase">
        <item name="fontFamily">@font/opensans_semibold</item>
        <item name="android:textSize">@dimen/ad_fontSize_xxxs</item>
        <item name="android:lineSpacingMultiplier">0</item>
        <item name="android:lineSpacingExtra">@dimen/ad_lineHeight_s</item>
        <item name="android:letterSpacing">@dimen/ad_letterSpacing_none</item>
        <item name="textAllCaps">true</item>
        <item name="android:textAllCaps">true</item>
    </style>
    <style name="ADBbOpensansCaption2RegularUppercase">
        <item name="fontFamily">@font/opensans_regular</item>
        <item name="android:textSize">@dimen/ad_fontSize_xxxs</item>
        <item name="android:lineSpacingMultiplier">0</item>
        <item name="android:lineSpacingExtra">@dimen/ad_lineHeight_s</item>
        <item name="android:letterSpacing">@dimen/ad_letterSpacing_none</item>
        <item name="textAllCaps">true</item>
        <item name="android:textAllCaps">true</item>
    </style>
    <style name="ADBbOpensansCaption2BoldUppercase">
        <item name="fontFamily">@font/opensans_bold</item>
        <item name="android:textSize">@dimen/ad_fontSize_xxxs</item>
        <item name="android:lineSpacingMultiplier">0</item>
        <item name="android:lineSpacingExtra">@dimen/ad_lineHeight_s</item>
        <item name="android:letterSpacing">@dimen/ad_letterSpacing_none</item>
        <item name="textAllCaps">true</item>
        <item name="android:textAllCaps">true</item>
    </style>
</resources>